YEAR,TEAM,GP,W,L,WIN%,MIN,PTS,FGM,FGA,FG%,3PM,3PA,3P%,FTM,FTA,FT%,OREB,DREB,REB,AST,TOV,STL,BLK,BLKA,PF,PFD,PLUS/MINUS,OffRtg,DefRtg,NetRtg,AST%,AST/TO,AST_Ratio,OREB%,DREB%,REB%,TOV%,eFG%,TS%,PACE,PIE,POSS,RAFGM,RAFGA,RAFG%,NRAFGM,NRAFGA,NRAFG%,MRFGM,MRFGA,MRFG%,LC3M,LC3A,LC3%,RC3M,RC3A,RC3%,C3M,C3A,C3%,ATB3M,ATB3A,ATB3%,ORAFGM,ORAFGA,ORAFG%,ONRAFGM,ONRAFGA,ONRAFG%,OMRFGM,OMRFGA,OMRFG%,OLC3M,OLC3A,OLC3%,ORC3M,ORC3A,ORC3%,OC3M,OC3A,OC3%,OATB3M,OATB3A,OATB3%
2022,Atlanta Hawks,82,43,39,0.524,48.1,113.9,41.5,88.3,47,12.9,34.4,37.4,18.1,22.3,81.2,10,33.9,44,24.6,11.9,7.2,4.2,4.5,18.7,20.3,1.6,115.4,113.7,1.6,59.3,2.08,18.1,26.9,73.1,50.1,12,54.3,58.1,98.67,50.9,"8,099",15.9,24.8,64.1,6.9,16,43.3,5.8,13.1,44.1,1.8,3.8,46.6,1.7,4.3,38.6,3.4,8.1,42.4,9.4,26.1,36.1,17.6,26.7,66.1,6.4,14.7,43.3,5.1,12.5,40.9,1.7,4.4,37.9,1.6,4.2,38.7,3.3,8.5,38.3,9.5,26.4,36
2022,Boston Celtics,82,51,31,0.622,48.5,111.8,40.7,87.4,46.6,13.2,37.1,35.6,17,20.9,81.6,10.5,35.5,46.1,24.8,13.6,7.2,5.8,4.6,18.5,19.4,7.3,113.6,106.2,7.4,60.9,1.82,18.2,27.7,72.5,50.9,13.9,54.2,57.8,97.26,54.7,"8,068",16.7,24.1,69.6,6.5,15.5,42.1,4.3,10.8,39.5,1.7,4.7,35.1,1.9,4.3,44.9,3.6,9,39.8,9.6,28,34.5,13.9,21.4,65.1,7.3,18.5,39.7,5.2,13.4,38.9,1.5,4.1,38,1.3,3.8,34.6,2.9,7.9,36.4,8.9,26.8,33.4
2022,Brooklyn Nets,82,44,38,0.537,48.2,112.9,42,88.4,47.5,11.5,31.7,36.1,17.5,21.7,80.5,10.3,34.1,44.4,25.3,14.1,7.1,5.5,4.9,20.4,19.7,0.8,113.2,112.3,0.9,60.2,1.8,18.3,28.1,70.4,49.9,14.1,54,57.6,99.4,51.2,"8,177",15.7,24.9,63.2,7.3,15.9,45.7,7.5,16,47.2,1.5,4,38.1,1.5,3.8,40.8,3.1,7.8,39.4,8.4,23.8,35.2,17.5,27.2,64.2,6.2,15.2,40.6,4.6,11.6,39.7,1.9,4.8,38.9,1.5,4.3,35.5,3.4,9.1,37.3,9.1,26.9,33.8
2022,Charlotte Hornets,82,43,39,0.524,48.5,115.3,42.8,91.4,46.8,13.9,38.2,36.5,15.8,21.4,74,10.8,33.7,44.6,28.1,13.3,8.6,4.9,4.6,19.9,19.6,0.4,113.6,113.1,0.5,65.6,2.12,19.6,27,70.6,48.6,13.1,54.4,57.2,100.52,50.4,"8,322",20.1,31,64.6,5.6,14.5,38.8,3.2,7.8,40.8,2.4,6.2,38.3,1.8,5,36.1,4.2,11.3,37.3,9.7,26.6,36.5,18,28,64.3,6,13.8,43.4,4,9.6,41.2,2.4,6,39.7,1.8,5.1,35.5,4.2,11,37.7,9.8,27.5,35.7
2022,Chicago Bulls,82,46,36,0.561,48.1,111.6,41.7,86.9,48,10.6,28.8,36.9,17.5,21.5,81.3,8.7,33.7,42.3,23.9,12.8,7.1,4.1,5,18.8,18.2,-0.4,112.7,113.2,-0.5,57.2,1.86,17.8,24.9,73.5,49.5,13,54.1,57.9,98.76,49.6,"8,124",16.5,25.4,65.2,6.4,13.9,45.7,8.3,18.9,43.6,1.7,4.3,39.1,1.7,3.9,43.8,3.4,8.2,41.3,7.2,20.3,35.5,18.8,29.1,64.7,6,14.3,42.1,5,12.2,40.5,1.8,4.2,43.9,1.5,3.7,41,3.3,7.8,42.5,8.3,23.9,34.9
2022,Cleveland Cavaliers,82,44,38,0.537,48.1,107.8,39.7,84.6,46.9,11.6,32.8,35.5,16.8,22.1,76,10.2,34,44.2,25.2,14.4,7.1,4.2,4.6,17.5,20,2.1,111,108.9,2.1,63.4,1.75,18.7,27.7,72.4,50.6,14.8,53.8,57.1,96.83,51.7,"7,964",18,26.9,66.7,6.2,15.4,40.5,3.9,9.6,40.5,1.5,4.2,35.3,1.3,3.8,33.2,2.7,8,34.3,8.9,24.6,36,17.1,28.3,60.5,6.2,14.5,42.9,4.5,11.4,39.6,1.9,4.9,38.4,1.7,4.5,37.4,3.5,9.4,37.9,8.1,23.6,34.4
2022,Dallas Mavericks,82,52,30,0.634,48.2,108,39.3,85.1,46.1,13.1,37.4,35,16.4,21.2,77.1,9.3,33.8,43,23.4,12.5,6.7,4,3.7,19.7,20.1,3.3,112.5,109.1,3.5,59.5,1.87,17.8,25.6,73.3,49.6,13,53.8,57.2,95.64,51.1,"7,871",14.5,20.9,69.4,7,15.5,45.1,4.8,11.5,41.3,2.1,5.3,39.1,1.9,4.8,39.8,4,10.1,39.5,9.1,27,33.6,16.3,24.4,66.7,7.3,17,42.8,4.5,11.9,38,1.6,4.4,35.4,1.6,3.9,41.2,3.2,8.4,38.1,7.7,23.5,32.8
2022,Denver Nuggets,82,48,34,0.585,48.3,112.7,41.7,86.3,48.3,12.7,35.9,35.3,16.7,21,79.5,9.2,34.9,44.1,27.8,14.5,7.2,3.7,4.8,20,19.9,2.3,113.8,111.5,2.3,66.7,1.92,20,26.8,75.2,51.5,14.6,55.6,59,98.41,51.6,"8,123",17.9,25.9,69.2,6.7,14.3,47.1,4.4,10.3,42.4,2.2,5.3,41.3,1.5,4.5,34.5,3.7,9.8,38.2,8.9,25.9,34.6,17.1,24.8,68.9,7.8,17.6,44.4,4.3,10.8,39.9,1.7,4.4,37.5,1.5,4,36.5,3.1,8.4,37,8.7,25.6,34
2022,Detroit Pistons,82,23,59,0.28,48.2,104.8,38.2,88.6,43.1,11.3,34.6,32.6,17.2,22,78.2,11,32,43,23.5,14.2,7.7,4.8,5.2,21.9,19.8,-7.7,105.6,113.3,-7.7,61.5,1.65,17.1,27.6,70.7,48.1,14.3,49.4,53.3,98.81,45,"8,141",17,27.9,60.9,5.8,15.1,38.6,4.1,11,36.9,2,5.6,35.9,1.5,4.2,36.1,3.5,9.8,36,7.8,24.6,31.6,18,27.9,64.6,6.8,15.3,44.6,4.1,10.3,39.5,1.9,4.5,43.1,1.7,4.2,40.8,3.6,8.7,41.9,8.1,23.7,34.2
2022,Golden State Warriors,82,53,29,0.646,48.1,111,40.5,86.4,46.9,14.3,39.4,36.4,15.6,20.3,76.9,9.8,35.7,45.5,27.1,14.9,8.8,4.5,3.9,21,18,5.5,112.1,106.6,5.5,66.9,1.82,19.5,26.9,73.6,51,15,55.2,58.2,98.74,53.6,"8,121",16.2,23.1,70,6.2,14,43.8,3.9,10,39.1,1.8,5,35.8,1.2,3.9,31.9,3,8.9,34.1,11.2,30.1,37.4,13.2,20.1,65.7,8.7,20.2,43,3.8,10.3,37,1.8,4.7,38.5,1.8,4.3,41,3.6,9.1,39.7,8.6,26.5,32.3
2022,Houston Rockets,82,20,62,0.244,48.2,109.7,39.4,86.4,45.6,13.5,38.7,34.9,17.5,24.5,71.3,9.6,32.4,42,23.6,16.5,7.3,4.7,5.8,20.6,22.1,-8.5,108.1,116.4,-8.3,59.8,1.43,17.1,26.5,71,48.5,16.2,53.4,56.5,101.16,45.1,"8,323",19.9,31,64.1,4.6,12.2,37.7,1.5,4.6,31.7,1.4,4.1,34.8,1,2.9,34.7,2.5,7,34.8,11,31.4,35.2,19.9,29,68.5,6.7,15,44.7,4.1,9.9,41.8,1.9,4.7,39.6,1.6,4.5,35.3,3.5,9.2,37.5,9.3,26.7,34.8
2022,Indiana Pacers,82,25,57,0.305,48.5,111.5,41.4,89.5,46.3,12.2,35.4,34.4,16.4,21.4,76.8,11.3,32.6,43.9,25.4,14.4,7.1,5.6,4.9,20.4,19.2,-3.5,111.9,115.5,-3.6,61.2,1.76,18.1,31,72.5,51.2,14.5,53.1,56.4,98.55,47.8,"8,166",18.6,28.7,64.7,6.3,14.3,43.9,4.4,11.1,39.9,2.1,5.1,40.5,1.4,4.1,34.7,3.5,9.2,37.9,8.7,25.9,33.5,18.4,27.9,65.8,7.4,16.2,45.5,4.7,11.6,40.7,1.7,4.2,40.8,1.4,3.6,39.2,3.1,7.9,40.1,8.9,24.3,36.5
2022,LA Clippers,82,42,40,0.512,48.2,108.4,40.1,87.4,45.8,12.8,34.2,37.4,15.5,19.6,79.3,9.1,34.9,44,24,13.7,7.4,5,4.1,18.6,18.5,0,109.5,109.5,0,59.9,1.75,17.7,25.4,70.6,48.6,13.9,53.1,56.4,98.51,50.2,"8,121",14.4,22.2,64.9,7.3,16.4,44.4,5.6,14.6,38.1,1.6,3.8,41.6,1.7,4,41.7,3.3,7.8,41.7,9.5,26.2,36.4,17.4,28,62.1,7.7,18.5,41.4,4,10.3,39.5,1.4,4.3,32.3,1.4,3.4,40.1,2.8,7.7,35.7,8.9,26,34.4
2022,Los Angeles Lakers,82,33,49,0.402,48.7,112.1,41.6,88.8,46.9,12,34.5,34.7,16.8,23,73.2,9.5,34.5,44,24,14.5,7.6,5.2,4.1,20.2,20.1,-3,110,112.8,-2.9,57.6,1.65,17.3,25.6,72,49,14.2,53.7,56.7,100.47,48.2,"8,360",20.3,30.3,67,4.3,11.3,38.4,5.1,12.8,39.6,1.6,4.2,37.5,1.6,4.2,38.5,3.2,8.4,38,8.8,25.9,33.8,19.3,29,66.7,6.5,15.3,42.3,4.3,10.6,40.2,1.7,4.5,37.6,1.3,3.3,39.3,3,7.8,38.3,9.6,27.7,34.5
2022,Memphis Grizzlies,82,56,26,0.683,48.2,115.6,43.5,94.4,46.1,11.5,32.7,35.3,17,23.1,73.4,14.1,35,49.2,26,13.2,9.8,6.5,6,19.8,19.8,5.7,114.3,108.9,5.3,59.7,1.97,17.9,33.8,72.6,52.6,13,52.2,55.3,100.52,53,"8,295",18.6,29,64.2,10.2,24.2,42,3.2,8.6,37.6,1.7,4.6,37.7,1.2,3.3,36.3,2.9,7.9,37.1,8.6,24.5,35.1,17.3,27.8,62.3,6.4,15.4,41.8,4.6,11,41.4,1.4,3.5,39.3,1.1,2.9,38.5,2.5,6.3,38.9,9.5,28,34.1
2022,Miami Heat,82,53,29,0.646,48.4,110,39.6,84.8,46.7,13.6,35.8,37.9,17.3,21.4,80.8,9.8,33.9,43.7,25.5,14.6,7.4,3.2,4,20.5,20.6,4.5,113,108.4,4.5,64.4,1.75,18.8,27.8,73.5,51,14.9,54.7,58.4,96.53,52.9,"7,987",14.9,22.7,65.7,6.6,14.8,44.7,4.5,11.6,39,2.4,6,40.9,2.2,5.2,43,4.7,11.1,41.9,8.9,24.4,36.6,14.5,22.1,65.8,6.1,13.7,44.6,3.9,10,39.3,2,5.3,36.8,2.1,5.5,38.2,4,10.8,37.5,8.9,27.3,32.7
2022,Milwaukee Bucks,82,51,31,0.622,48.2,115.5,41.8,89.4,46.8,14.1,38.4,36.6,17.8,22.9,77.6,10.2,36.5,46.7,23.9,13.4,7.6,4,4.4,18.2,19.7,3.4,114.3,111.1,3.2,57.2,1.78,17.3,26.9,74.7,51.2,13.3,54.6,58,100.59,51.6,"8,284",16.6,24.5,67.8,5.9,14,41.8,5.3,12.5,42.3,2,4.9,41.4,1.7,4.6,37,3.7,9.5,39.3,10.3,28.7,35.9,15.3,23.1,66.2,6.6,15.1,43.5,5.1,11.9,42.8,1.7,4.7,37.1,1.5,4.2,34.3,3.2,8.9,35.8,11.3,31.5,35.8
2022,Minnesota Timberwolves,82,46,36,0.561,48.2,115.9,41.6,91,45.7,14.8,41.3,35.8,18,23.1,77.8,11.2,32.9,44.2,25.7,14.3,8.8,5.6,4.8,21.8,20.9,2.6,113.8,111,2.7,61.7,1.79,18.1,28.4,70.6,49,14.1,53.9,57.3,101.47,50.4,"8,357",18,27.9,64.7,5.8,14,41.5,3,8,37.9,2.3,5.5,41.5,1.6,4.2,37.5,3.8,9.7,39.8,10.9,31.2,34.8,17.4,26.2,66.4,5.7,14.3,39.9,4.2,9.8,42.6,2.1,5.7,36.9,2.1,5.5,37.8,4.2,11.2,37.4,8.8,25.7,34.1
2022,New Orleans Pelicans,82,36,46,0.439,48.2,109.3,40.2,88,45.7,10.6,32.1,33.2,18.3,23.2,78.9,12,33.2,45.2,25,14.1,8.3,4,4.8,19.7,20.5,-1,111.2,112,-0.8,62.1,1.78,18.1,30.6,74.2,51.8,14.3,51.7,55.7,98.02,50,"8,060",17.2,27.1,63.5,7,16,43.7,5.4,12.9,41.6,1.7,4.3,39.3,1.2,3.7,33.7,2.9,8,36.7,7.6,23.7,32.2,15.9,23.6,67.3,6.7,14.9,45.3,4.6,11.5,40.4,1.9,4.7,40,1.5,3.9,39.6,3.4,8.5,39.8,9.6,26.8,35.6
2022,New York Knicks,82,37,45,0.451,48.2,106.5,37.7,86.2,43.7,13.2,36.9,35.7,18,24.1,74.4,11.5,34.6,46.1,21.9,13.3,7,4.9,4.6,20.4,20.4,-0.1,109.7,110.2,-0.4,58.1,1.65,16.4,29.1,74,51.2,13.7,51.3,55,96.42,49.1,"7,958",15.5,25,62,5.3,13.8,38.3,3.8,10.6,35.5,1.9,4.8,40.3,1.3,3.6,36.9,3.3,8.5,38.8,9.9,28.3,34.8,16.3,25.6,63.5,5.4,12.6,42.5,4.2,10.9,38.6,1.8,4.9,35.7,1.4,4.2,33.7,3.2,9.1,34.8,9.5,27.6,34.3
2022,Oklahoma City Thunder,82,24,58,0.293,48.3,103.7,38.3,89.1,43,12.1,37.4,32.3,15,19.9,75.6,10.4,35.2,45.6,22.2,14,7.6,4.6,6,18.3,17.8,-8.1,103.8,111.7,-8,58,1.59,16.4,25.6,72.7,48.7,14,49.7,53,99.39,45.1,"8,198",14.7,24.3,60.4,8.8,20.4,43.1,2.8,7.2,39,1.5,4.8,32.2,1.2,3.4,36.7,2.8,8.2,34.1,9.3,29.1,32,14.7,22.7,64.6,9.1,19.2,47.5,4,9.9,40.1,2.1,5.3,40.3,2.1,5.4,39.2,4.2,10.6,39.7,9.4,27.7,33.8
2022,Orlando Magic,82,22,60,0.268,48.2,104.2,38.3,88.3,43.4,12.2,36.9,33.1,15.5,19.7,78.7,9.1,35.2,44.3,23.7,14.5,6.8,4.5,5.2,19.7,18.3,-8,103.9,112.1,-8.1,62,1.64,17.4,24.9,73.5,49,14.4,50.3,53.8,99.71,45.8,"8,223",16.1,25.4,63.4,6.6,16.5,40.2,3.4,9.7,35.1,2,4.8,40.7,1.2,3.3,35.1,3.1,8.1,38.4,9,28.5,31.8,15.4,23.9,64.4,6.8,16.4,41.6,5.4,12.5,43.2,1.8,4.5,40.6,1.6,4.1,38.9,3.4,8.5,39.8,9.8,27.4,35.6
2022,Philadelphia 76ers,82,51,31,0.622,48.3,109.9,39.4,84.5,46.6,11.6,31.8,36.4,19.6,23.8,82.1,8.5,33.8,42.3,23.7,12.5,7.7,5.3,4.6,19.4,19.4,2.6,113,110.2,2.8,60.2,1.89,17.9,24.6,72.4,49,12.9,53.4,57.8,96.71,51.7,"7,975",15.8,23.8,66.3,6.7,16.3,41.3,5.4,12.9,41.6,1.5,3.8,39.9,1.7,4.5,38.3,3.2,8.3,39.1,8.3,23.1,35.8,17.1,25.9,66.3,6.2,15.9,39.2,5,12.1,41.2,1.5,4.2,35.8,1.3,3.4,37,2.8,7.6,36.3,8.5,25,34.2
2022,Phoenix Suns,82,64,18,0.78,48.1,114.8,43.7,90.1,48.5,11.6,31.9,36.4,15.9,19.9,79.7,9.8,35.5,45.3,27.4,12.9,8.6,4.4,4,19.9,18.9,7.5,114.2,106.8,7.5,62.7,2.12,19.5,26.4,72.8,50.3,12.9,54.9,58.1,100.26,54.8,"8,242",14.1,20.7,68.5,10.7,21.4,50.2,7.2,16.2,44.6,1.5,3.9,36.8,2,4.8,40.7,3.4,8.7,39,8.2,23,35.5,13.8,21.5,64.3,8.8,19.9,44.1,5,12.8,39.2,1.2,3.8,31.2,1.3,3.2,39.2,2.5,7.1,34.9,9.1,26.9,33.9
2022,Portland Trail Blazers,82,27,55,0.329,48.1,106.2,38.5,87.1,44.2,12.7,36.8,34.6,16.4,21.6,76,10.4,32.5,42.9,22.9,14.5,8,4.5,5,21.1,19.4,-8.9,107.3,116.3,-9.1,59.5,1.58,17,26.8,72.1,48.7,14.6,51.5,55,98.74,44.7,"8,120",16.1,26.7,60.3,5.8,13.9,41.9,4,9.8,40.3,1.5,4.1,36,1.5,3.9,38.7,3,8.1,37.3,9.7,28.5,33.9,17.9,26.9,66.5,5.9,13.1,44.9,3.6,8.9,41.2,2.4,6.1,38.8,2,4.9,41,4.4,11,39.8,9.3,25.9,36.1
2022,Sacramento Kings,82,30,52,0.366,48.3,110.3,40.5,88.1,46,11.4,33.2,34.4,17.9,23.3,76.8,9.6,33.4,42.9,23.7,14.1,7.2,4.5,4.8,18.9,20.3,-5.5,109.6,114.8,-5.2,58.5,1.68,17.3,25.9,71.4,48.4,14,52.5,56.1,100.1,47.3,"8,252",16.9,25.7,65.7,7.6,18.3,41.6,4.6,10.9,42.2,1.5,4.2,35.6,1.4,3.4,41.7,2.9,7.6,38.3,8.5,25.4,33.4,18.5,27.7,66.8,7.2,16.6,43.2,4.8,11.4,41.8,1.8,4.3,41.4,1.5,4,38.2,3.3,8.3,39.9,9.7,26.4,36.7
2022,San Antonio Spurs,82,34,48,0.415,48.3,113.2,43.2,92.7,46.7,11.3,32,35.2,15.4,20.4,75.4,11,34.3,45.3,27.9,12.7,7.6,4.9,4.9,18.1,18.9,0.1,111.9,111.7,0.2,64.6,2.19,19.5,28.1,71.1,49.4,12.6,52.7,55.6,100.51,51,"8,290",17,26.4,64.4,9.6,21.3,45.2,5.4,13,41.1,1.4,4.1,34.8,1.5,3.7,39.5,2.9,7.8,37,8.3,24,34.8,18.1,29.2,62,7,16.5,42.4,5.3,11.9,44.2,1.6,3.7,43.8,1.2,3.3,36.3,2.8,7.1,40.2,9.2,26.3,35.1
2022,Toronto Raptors,82,48,34,0.585,48.4,109.4,40.6,91.3,44.5,11.9,34.2,34.9,16.2,21.3,75.9,13.4,32,45.3,22.1,12.5,9,4.6,5.1,19.6,19.1,2.3,112.1,109.9,2.2,54.3,1.77,16.1,32.5,71.4,50.8,12.8,51,54.3,96.63,49.4,"8,000",15.5,24.5,63,8.1,19.1,42.3,5.2,13.6,38.3,1.7,4.3,39.3,1.7,4.4,40.1,3.5,8.7,39.7,8.4,25.2,33.4,16.2,24.5,66.3,6.3,15.3,41.2,4.2,9.9,42.3,2.3,5.9,38.7,2.1,5.5,39.1,4.4,11.4,38.9,7.9,23.1,34
2022,Utah Jazz,82,49,33,0.598,48.1,113.6,40.6,86.2,47.1,14.5,40.3,36,17.9,23.4,76.7,10.8,35.6,46.3,22.4,14,7.2,4.9,4.3,18.9,20.3,6,116.2,110,6.2,55.2,1.6,16.7,30,73.8,52.5,14.3,55.5,58.9,97.5,52.8,"8,014",15.9,22.9,69.3,8,17.6,45.6,2.1,5.3,40.2,1.6,4.6,35.8,2.3,5.8,39.4,3.9,10.4,37.8,10.5,29.7,35.5,14.9,22.5,66.1,7.8,19,41,5.6,13.2,42.6,1.6,4.2,37.8,1.3,3.5,36.5,2.8,7.6,37.2,9.3,26.7,34.8
2022,Washington Wizards,82,35,47,0.427,48.4,108.6,40.6,86,47.2,10.5,30.6,34.2,17,21.7,78.3,9,34.1,43.1,25,13.1,6.4,5,4.2,18.8,19.9,-3.4,110.2,113.6,-3.4,61.7,1.91,18.5,24.7,73.1,49.4,13.3,53.2,56.8,97.8,49.6,"8,079",17.3,24.7,70,7.3,17.8,40.7,5.6,12.9,43.1,1.7,4.2,40.9,1.4,3.7,38,3.1,8,39.6,7.3,22.5,32.5,15.9,23.4,67.9,8.2,19.7,41.8,5.7,14,40.5,1.5,3.9,36.8,1.3,2.9,44.9,2.7,6.8,40.3,8.7,24.7,35.3
2021,Atlanta Hawks,72,41,31,0.569,48.3,113.7,40.8,87.2,46.8,12.4,33.4,37.3,19.7,24.2,81.2,10.6,35.1,45.6,24.1,13.2,7,4.8,5,19.3,19.8,2.3,114.3,112.1,2.2,59.1,1.82,17.6,28.4,74.2,51.6,13.3,53.9,58.1,98.68,51.1,"7,160",16.2,25.7,62.9,7.7,17.9,43.3,4.5,10.3,43.1,1.4,3.3,43.6,1.5,4.2,36.1,2.9,7.4,39.4,9.5,25.8,36.8,17.8,27.9,63.6,6.6,15.3,43,5,11.8,42.6,1.6,4.2,38.5,1.5,3.9,38.5,3.1,8.1,38.5,8.8,25.9,34
2021,Boston Celtics,72,36,36,0.5,48.3,112.6,41.5,88.9,46.6,13.6,36.4,37.4,16.1,20.8,77.5,10.6,33.6,44.3,23.5,14.1,7.7,5.3,4.6,20.4,19.3,1.5,113.1,111.8,1.2,56.6,1.67,17.1,28.9,73.7,51,14.1,54.3,57.4,98.94,50.1,"7,172",16.1,24.2,66.5,7.1,16.7,42.3,4.7,11.7,40.5,1.7,4.1,40.6,1.2,3.3,37.4,2.9,7.4,39.2,10.7,28.8,37.2,15,23,65.2,7.1,17.1,41.8,5,11.6,42.8,1.5,3.8,40.5,1.5,3.8,38.9,3,7.6,39.7,9.8,26.5,36.9
2021,Brooklyn Nets,72,48,24,0.667,48.3,118.6,43.1,87.3,49.4,14.2,36.1,39.2,18.1,22.5,80.4,8.9,35.5,44.4,26.8,13.5,6.7,5.3,4.6,19,18.9,4.5,117.3,113.1,4.2,62.1,1.98,19.3,25.2,72.6,50.3,13.4,57.5,61,100.27,53.2,"7,280",17.7,26.9,65.9,6.9,14.9,46.2,4.4,9.5,46.3,1.5,3.5,42.4,1.9,4.7,39.8,3.3,8.2,40.9,10.8,27.8,38.9,16.3,25.7,63.6,7.5,17.8,42.3,4.8,11.6,41.6,1.7,4.6,35.9,1.4,4,34.3,3,8.6,35.2,10.2,27.4,37.1
2021,Charlotte Hornets,72,33,39,0.458,48.2,109.5,39.9,87.8,45.5,13.7,37,36.9,15.9,20.9,76.1,10.6,33.2,43.8,26.8,14.8,7.8,4.8,4.8,18,18.6,-1.9,110.1,112,-1.9,67.2,1.81,19.2,27.6,72.2,49.6,14.9,53.2,56.4,99,48.9,"7,159",17.4,28.9,60.3,5.6,13.3,41.8,3.3,8.6,38.1,1.9,4.7,39.5,1.7,3.9,43.5,3.6,8.6,41.3,10.1,28.2,35.8,18.7,29,64.5,4.9,11.3,42.9,3.2,8.3,39.1,2.4,5.7,41.7,2.1,5.7,37.3,4.5,11.3,39.5,10,28,35.6
2021,Chicago Bulls,72,31,41,0.431,48.3,110.7,42.2,88.6,47.6,12.6,34,37,13.8,17.5,79.1,9.6,35.3,45,26.8,15.1,6.7,4.2,5.1,18.9,17.7,-0.9,110.4,111.5,-1.1,63.5,1.77,19.2,26.7,76.7,51.9,15.1,54.7,57.5,99.58,49.9,"7,220",18,27.8,64.7,6.7,15.1,44.3,4.9,11.7,41.8,2.1,4.8,43.9,1.4,3.4,39.9,3.5,8.2,42.2,9.1,25.6,35.5,17.6,27.9,63.2,6.8,15.3,44.5,5.5,12.2,45.1,1.5,3.6,41.7,1.4,3.2,43,2.9,6.8,42.3,8.6,25.4,33.9
2021,Cleveland Cavaliers,72,22,50,0.306,48.4,103.8,38.6,85.8,45,10,29.7,33.6,16.7,22.4,74.3,10.4,32.3,42.8,23.8,15.5,7.8,4.5,5.9,18.2,20.2,-8.4,105.2,113.5,-8.3,61.8,1.54,17.5,28,72.9,49.9,15.7,50.8,54.3,97.96,46,"7,107",18.1,29.9,60.6,7.4,17.8,41.5,3.1,8.3,37.2,1.3,3.7,35.7,1.2,3.1,38.1,2.5,6.8,36.8,7.5,22.8,32.7,18.4,29.7,61.7,7,14.4,48.5,4.3,10.3,41.7,1.8,4.3,41.3,1.7,4.1,41.1,3.5,8.4,41.2,8.9,23.8,37.4
2021,Dallas Mavericks,72,42,30,0.583,48.1,112.4,41.1,87.3,47,13.8,38.1,36.2,16.5,21.2,77.8,9.1,34.2,43.3,22.9,12.1,6.3,4.3,3.7,19.4,20.1,2.3,114.6,112.3,2.3,55.7,1.9,17.2,25.3,73.4,49.6,12.3,55,58.2,97.94,51,"7,062",15.6,22.9,68,6.5,14.5,45,5.2,11.8,43.9,1.6,4.2,37.5,1.5,4.1,37.2,3.1,8.2,37.3,10.7,29.7,36.1,16.2,25.1,64.8,6.4,15.4,41.4,4.6,11.4,40.5,1.4,3.8,37.3,1.4,3.7,36.7,2.8,7.5,37,10.1,27.5,36.7
2021,Denver Nuggets,72,47,25,0.653,48.6,115.1,43.3,89.2,48.5,12.9,34.2,37.7,15.7,19.5,80.3,10.5,33.9,44.4,26.8,13.5,8.1,4.5,4.5,19.1,19.2,4.9,116.3,111.5,4.8,62.1,1.99,19.3,29.2,75.1,52.2,13.6,55.7,58.8,97.74,52.5,"7,123",17,25.2,67.5,7.8,16.9,46.1,5.5,12.8,43.2,1.8,4.1,44.9,1.5,3.7,40.5,3.3,7.8,42.8,9.5,26.2,36.4,16.6,24.2,68.5,6,14.5,41.3,4.5,11,41.1,2.3,5.2,43.1,1.7,4.4,38.1,3.9,9.6,40.8,9,25.9,34.9
2021,Detroit Pistons,72,20,52,0.278,48.4,106.6,38.7,85.6,45.2,11.6,32.9,35.1,17.8,23.4,75.9,9.6,33.1,42.7,24.2,14.9,7.4,5.2,5.8,20.5,20.4,-4.5,107.6,112.2,-4.5,62.6,1.62,17.8,26.7,72.5,49.3,15.1,51.9,55.6,98.19,47.3,"7,132",17.8,28.1,63.3,5.9,15.6,37.8,3.4,9,37.9,1.6,4.5,35.7,1.2,3.5,33.1,2.8,8,34.6,8.8,24.8,35.4,18.2,28.3,64.3,7.5,16.8,44.3,4.4,10.4,42.2,1.5,4,36.2,1.4,3.8,36,2.8,7.8,36.1,8.5,23.4,36.4
2021,Golden State Warriors,72,39,33,0.542,48.1,113.7,41.3,88.2,46.8,14.6,38.7,37.6,16.6,21.1,78.5,8,35.1,43,27.7,15,8.2,4.8,4.3,21.2,19.5,1.1,110.5,109.4,1.1,67,1.84,19.6,22.2,72.7,48,14.6,55.1,58.3,102.81,51,"7,412",17,25.3,67,5.7,13.6,42.2,4.1,10.6,38.4,1.8,4.5,39.2,1.7,4.1,41.6,3.5,8.6,40.3,11,29.8,37,15.2,24.3,62.6,8.4,18.9,44.4,4.2,11.4,37.2,1.7,3.9,43.8,1.5,3.9,39.8,3.3,7.8,41.8,9.1,26.4,34.5
2021,Houston Rockets,72,17,55,0.236,48.1,108.8,39.3,88.5,44.4,13.8,40.6,33.9,16.5,22.3,74,9.3,33.3,42.6,23.6,14.7,7.6,5,5.3,19.5,19.3,-7.9,107,114.4,-7.4,60.1,1.6,17.2,24,72.3,47.4,14.5,52.1,55.3,101.69,45.1,"7,320",19.3,30,64.3,4.1,11.1,36.9,2.1,6.9,30.8,2,5.2,37.9,1.5,4.7,32.7,3.5,9.9,35.4,10.3,30.6,33.6,18.4,28.2,65.3,6.6,15.2,43.4,4.3,10.5,40.9,1.8,4.5,40.7,1.8,4.3,41.9,3.6,8.8,41.3,9.8,26.2,37.3
2021,Indiana Pacers,72,34,38,0.472,48.5,115.3,43.3,91.2,47.4,12.3,34,36.4,16.4,20.7,79.2,9,33.7,42.7,27.4,13.5,8.5,6.4,5.3,20.2,18.1,0,111.9,111.9,0.1,63.3,2.02,19.2,24.7,70.1,47.6,13.1,54.2,57.5,102.05,50.2,"7,419",20.6,33,62.4,6.4,15,42.8,3.9,9.3,42.4,1.6,3.9,41.7,1.4,3.5,40.9,3.1,7.5,41.3,9.3,26.4,35.1,20.2,33,61.3,6.7,15.8,42.5,4.3,11.2,38.6,1.5,3.9,38.2,1.5,4.2,36.5,3,8.1,37.3,8.5,23.2,36.6
2021,LA Clippers,72,47,25,0.653,48,114,41.8,86.7,48.2,14.3,34.7,41.1,16.2,19.3,83.9,9.4,34.7,44.2,24.4,13.2,7.1,4.1,4.2,19.2,18.1,6.2,116.7,110.6,6.1,58.4,1.85,18.1,27,75.4,51.8,13.5,56.4,59.9,97.63,53,"7,036",14.8,22.7,65.3,6.3,14.7,42.8,6.4,14.7,43.9,2.5,5.2,47.7,2.3,5,45.5,4.8,10.2,46.7,9.5,24.3,39.1,16.2,25.1,64.7,7.4,17.5,42.2,4.9,11.3,43.4,1.4,3.4,40.5,1.2,3.3,35.8,2.6,6.8,38.2,9,25.6,35.1
2021,Los Angeles Lakers,72,42,30,0.583,48.5,109.5,40.6,86.1,47.2,11.1,31.2,35.4,17.2,23.3,73.9,9.7,34.6,44.2,24.7,15.2,7.8,5.4,4.5,19.1,21.3,2.8,109.8,106.8,2.9,60.7,1.62,18,26.9,74.8,51.1,15.2,53.6,56.9,98.85,51.7,"7,184",19.3,28.8,67.1,5.7,13.6,41.4,4.6,12.4,37.2,1.5,4.4,34.3,1.4,3.7,39,3,8.1,36.4,8.1,22.9,35.2,18.2,28.3,64.2,5.9,15.2,39.2,4.3,10.8,39.9,1.3,3.5,36.3,1.2,3.5,35,2.5,7,35.6,8.8,25,35.3
2021,Memphis Grizzlies,72,38,34,0.528,48.3,113.3,42.8,91.8,46.7,11.2,31.4,35.6,16.4,21.3,77.1,11.2,35.3,46.5,26.9,13.3,9.1,5.1,5.2,18.7,18.3,1,111.7,110.5,1.2,62.8,2.03,18.9,28.5,73.6,50.7,13.1,52.8,56,100.77,51.1,"7,302",16.9,26.6,63.6,11,25,43.9,3.8,8.8,43.3,2,5.1,40.3,1.2,3.4,35,3.2,8.5,38.1,7.9,22.8,34.7,16.4,26.4,62.3,7.3,16.5,44.5,4.4,10.8,40.9,1.7,3.7,45.1,1.4,3.5,41.4,3.1,7.2,43.3,9.7,27.7,35.1
2021,Miami Heat,72,40,32,0.556,48.3,108.1,39.2,83.7,46.8,12.9,36.2,35.8,16.7,21.1,79,8,33.5,41.5,26.3,14.1,7.9,4,4,18.9,19.6,0,110.6,110.7,-0.1,67.1,1.87,19.5,24,73.3,49.1,14.4,54.6,58.1,97.09,50.9,"7,036",16.9,24.8,68.4,5.3,12.7,41.6,4.1,10.1,40.3,1.6,4.5,35.8,1.6,4.7,34.9,3.3,9.2,35.3,9.7,26.8,36.2,15.2,23.5,64.7,5.5,12.8,42.8,4.2,10,42.4,2.3,5.8,39.7,1.9,5,38.4,4.2,10.8,39.1,10,28.1,35.5
2021,Milwaukee Bucks,72,46,26,0.639,48.1,120.1,44.7,91.8,48.7,14.4,37.1,38.9,16.2,21.4,76,10.3,37.8,48.1,25.5,13.8,8.1,4.6,4.8,17.3,18.3,5.9,116.5,110.7,5.8,56.9,1.84,18,26.9,75.5,51.9,13.4,56.6,59.3,102.85,53.3,"7,423",18.1,26.8,67.5,6.3,14.1,44.3,5.9,13.8,43,1.7,3.8,43.8,1.7,4.4,38.2,3.3,8.2,40.8,11.1,28.8,38.6,14.3,23.4,61.3,7.2,16.9,42.8,6,14.1,42.7,1.8,4.1,43.4,1.7,3.9,44.2,3.5,8,43.8,11.3,30.4,37.3
2021,Minnesota Timberwolves,72,23,49,0.319,48.3,112.1,40.7,90.9,44.8,13.1,37.6,34.9,17.6,23.1,76.1,10.5,33,43.5,25.6,14.3,8.8,5.5,5.5,20.9,19.9,-5.6,109.3,114.5,-5.3,63,1.8,18,27.1,71.7,48.4,13.9,52,55.5,101.96,46.9,"7,389",19.2,31.2,61.6,5.5,13.7,39.8,3.1,8.6,35.5,1.8,4.9,37.4,1.2,3.4,35.2,3,8.3,36.5,10,29,34.4,18.5,29.1,63.6,6.3,15.1,41.9,5.1,11.5,43.9,1.7,4,43.2,1.6,4.2,39,3.3,8.2,41.1,9.7,25.1,38.7
2021,New Orleans Pelicans,72,31,41,0.431,48.4,114.6,42.5,89.1,47.7,10.6,30.4,34.8,19,26.1,72.9,11.7,35.7,47.4,26,14.6,7.6,4.4,5.9,18,21.3,-0.3,113,113.3,-0.3,61.2,1.78,18.3,30.2,75.5,52.7,14.4,53.7,57,100.54,50.8,"7,303",21.5,33.9,63.4,5.7,14,40.8,4.7,10.7,44.1,1.3,3.7,36.4,1.4,4,34.7,2.7,7.7,35.5,7.8,22.5,34.7,17.3,26.2,65.9,6.1,14.4,42.3,4.1,10.5,38.5,1.9,5,37.6,1.4,3.7,38.5,3.3,8.7,38,11.2,29.3,38.1
2021,New York Knicks,72,41,31,0.569,48.4,107,39.4,86.5,45.6,11.8,30,39.2,16.4,20.9,78.4,9.7,35.5,45.1,21.4,12.9,7,5.1,5.4,20.5,17.9,2.3,110.2,107.8,2.4,54.3,1.65,16.3,26.4,73.8,50.5,13.3,52.4,55.9,96.32,50.2,"6,994",15.4,25.7,59.8,6.6,16.6,40,5.7,14.2,40.1,1.8,4.4,41.3,2,4.5,44.4,3.8,8.9,42.8,7.9,21,37.7,16.8,27.8,60.5,5,12.6,40.1,4,10.2,39.6,1.7,4.7,35.9,1.4,4.2,33.9,3.1,8.9,35,8.9,26.7,33.3
2021,Oklahoma City Thunder,72,22,50,0.306,48.2,105,38.8,88,44.1,11.9,35.1,33.9,15.5,21.3,72.5,9.9,35.7,45.6,22.1,16.1,7,4.4,5.3,18.1,18.6,-10.6,102.8,113.4,-10.6,56.8,1.37,16.1,25.4,74.2,49.4,15.8,50.9,53.9,101.61,44.2,"7,353",17.3,28.9,59.9,6.5,16.2,40.3,3.1,7.8,39.5,1.6,4.2,37.5,1.1,3,36.3,2.7,7.2,37,9.2,27.6,33.3,18.5,27.7,66.8,6.2,15,41.6,5,11.7,43.3,1.9,4.7,40.7,1.7,4.4,39.2,3.6,9,39.9,10,28.2,35.4
2021,Orlando Magic,72,21,51,0.292,48.1,104,38.3,89.2,42.9,10.9,31.8,34.3,16.6,21.4,77.5,10.4,35.1,45.4,21.8,12.8,6.9,4.4,5.3,17.2,18.6,-9.3,104.6,113.9,-9.3,57,1.7,16.3,25.2,74.4,48.8,12.9,49,52.7,99.17,45,"7,158",13.7,22.4,61,7.1,18.8,37.9,6.6,16.3,40.3,1.2,3.2,37.3,0.7,2,32.9,1.8,5.2,35.6,9.1,26.4,34.3,17,26,65.5,6.6,15.7,41.9,4.9,11.2,43.9,1.6,4,40.3,1.6,4.1,39.5,3.2,8.1,39.9,10.4,28.6,36.6
2021,Philadelphia 76ers,72,49,23,0.681,48.4,113.6,41.4,86.9,47.6,11.3,30.1,37.4,19.6,25.5,76.7,10,35,45.1,23.7,14.4,9.1,6.2,4.7,20.2,21,5.6,112.5,107,5.5,57.2,1.64,17.2,27.7,73.7,51.1,14.3,54.1,57.9,100.12,53.6,"7,272",15.8,25,63.2,7.8,17.4,45,6.5,14.3,45.3,1.3,3.8,35.3,2.1,4.5,46.6,3.4,8.3,41.5,7.8,21.7,36.1,17.1,26.9,63.7,5.9,14.6,40.2,4.5,12.4,35.9,1.3,3.5,35.4,1.3,3.3,37.3,2.5,6.9,36.4,9.4,26,36.1
2021,Phoenix Suns,72,51,21,0.708,48.6,115.3,43.3,88.3,49,13.1,34.6,37.8,15.6,18.7,83.4,8.8,34.2,42.9,26.9,12.5,7.2,4.3,3.6,19.1,18,5.8,116.3,110.4,5.9,62.2,2.15,19.6,24.8,74.1,50,12.6,56.4,59.7,98,53.4,"7,137",14.6,21.7,67.6,8,16.1,50,7.6,16,47.4,2.1,4.8,43.7,2.1,4.8,43.6,4.2,9.6,43.6,8.9,24.8,35.7,16.9,25.8,65.5,6.8,15.8,43.2,5.2,12.4,41.7,1.4,3.6,38.5,1.5,3.4,44.4,2.9,6.9,41.4,8.7,25.7,34
2021,Portland Trail Blazers,72,42,30,0.583,48.1,116.1,41.3,91.1,45.3,15.7,40.8,38.5,17.8,21.6,82.3,10.6,33.9,44.5,21.3,11.1,6.9,5,4.6,18.9,19.1,1.8,117.1,115.3,1.8,51.5,1.92,15.9,27.3,73.1,49.5,11.2,54,57.7,98.97,49.3,"7,137",15.6,25.7,60.8,4,10.9,36.9,5.9,13.7,43.2,1.4,3.2,45,1.3,3.9,34.6,2.8,7.1,39.3,12.9,33.6,38.5,17.9,27.8,64.6,5.7,13.9,41.3,5.2,12,43.5,1.9,4.8,40.4,1.9,4.3,45.4,3.9,9,42.8,9,25.4,35.6
2021,Sacramento Kings,72,31,41,0.431,48.1,113.7,42.6,88.6,48.1,12.1,33.3,36.4,16.4,22,74.5,9.4,32,41.4,25.5,13.4,7.5,5,4.7,19.4,18.7,-3.7,112.7,116.5,-3.8,59.9,1.91,18.4,25.3,71.3,48.2,13.3,54.9,57.8,100.71,48.1,"7,266",17.6,26.1,67.2,9.1,19.9,45.7,3.8,9.3,40.8,1.8,4.1,43.3,1.4,3.4,41.5,3.2,7.6,42.5,8.9,25.6,34.9,19.1,28.6,66.8,7.6,16.9,44.7,4.5,11.3,39.9,1.6,4,38.8,1.1,3.1,37.1,2.7,7.1,38,9.7,25.4,38.2
2021,San Antonio Spurs,72,33,39,0.458,48.6,111.1,41.9,90.5,46.2,9.9,28.4,35,17.4,22,79.2,9.3,34.6,43.9,24.4,11.4,7,5.1,5.1,18,18.6,-1.7,110.5,112,-1.5,58.4,2.14,17.9,24.3,73.3,48.5,11.3,51.7,55.4,99.45,49.3,"7,236",16.4,26.1,62.9,7.5,17.9,41.8,8,18.1,44.2,1.2,3.3,35.9,1.1,2.8,38.2,2.2,6.1,36.9,7.7,22.3,34.6,18.1,29.4,61.6,7,16.2,43,5.1,11.7,43.7,1.8,4.1,43.5,1.3,3.7,36.7,3.1,7.8,40.3,9.2,24.8,36.9
2021,Toronto Raptors,72,27,45,0.375,48.1,111.3,39.7,88.7,44.8,14.5,39.3,36.8,17.4,21.3,81.5,9.4,32.1,41.6,24.1,13.2,8.6,5.4,5.6,21.2,19.5,-0.5,111.6,112,-0.4,60.7,1.82,17.7,25.6,71.6,47.9,13.3,52.9,56.7,99.57,48.6,"7,177",16.4,26.3,62.4,5.4,14.1,38.5,3.5,9,38.4,1.8,4.8,37.3,1.8,4.5,39,3.5,9.3,38.1,10.9,29.8,36.5,15.3,23.3,65.6,6.2,15.6,39.6,3.7,9.2,40.1,2.3,5.7,40,2.1,4.9,42.1,4.3,10.6,41,9.5,25.9,36.8
2021,Utah Jazz,72,52,20,0.722,48.2,116.4,41.3,88.1,46.8,16.7,43,38.9,17.2,21.5,79.9,10.6,37.6,48.3,23.7,14.2,6.6,5.2,3.9,18.5,19,9.3,116.5,107.5,9,57.3,1.66,17.3,28.4,75.7,52.9,14.2,56.3,59.7,99.37,54.2,"7,193",14.8,22.7,65.1,7.3,16.3,45.1,2.4,6.2,39.5,2.3,5.8,39.9,2.5,6.1,40.2,4.8,11.9,40.1,12,31,38.7,16.2,25.6,63,8.4,20.2,41.6,5.5,13.8,39.8,1,2.8,34.1,1.1,2.9,36.9,2,5.7,35.5,8.8,26,34
2021,Washington Wizards,72,34,38,0.472,48.3,116.6,43.2,90.9,47.5,10.2,29,35.1,20.1,26.2,76.9,9.7,35.5,45.2,25.5,14.4,7.3,4.1,4.8,21.6,22,-1.8,110.7,112.3,-1.6,59,1.77,17.8,25,73.6,49.4,13.7,53.1,56.9,104.67,49.6,"7,585",16.4,24.5,66.7,10,20.9,47.8,6.6,16.5,40.1,1.4,4,36.1,1.1,3.2,35.8,2.6,7.1,36,7.6,21.7,35.1,13.7,20.7,66.2,10.4,22.6,45.9,6.6,14.6,45.1,1.6,4.3,36.8,1.3,3.5,37.6,2.9,7.8,37.2,9.5,25.7,37
2020,Atlanta Hawks,67,20,47,0.299,48.6,111.8,40.6,90.6,44.9,12,36.1,33.3,18.5,23.4,79,9.9,33.4,43.3,24,16.2,7.8,5.1,6.4,23.1,21,-8,107,114.4,-7.4,58.9,1.48,16.9,26.7,70.8,48.4,15.5,51.5,55.4,103.28,45.4,"6,999",18.7,29.2,64.1,6.5,16.4,39.5,3.4,8.9,38.4,1.3,3.7,36.7,1.3,4.1,31.3,2.6,7.8,33.8,9.4,28.1,33.4,20.9,32.4,64.5,5.9,14.3,41.2,4.7,11.3,41.2,1.4,3.6,38.1,1.1,3.1,35.6,2.5,6.7,36.9,9.4,25.7,36.5
2020,Boston Celtics,72,48,24,0.667,48.4,113.7,41.3,89.6,46.1,12.6,34.5,36.4,18.6,23.2,80.1,10.7,35.4,46.1,23,13.8,8.3,5.6,5.5,21.6,20.7,6.3,112.8,106.5,6.3,55.7,1.66,16.7,28.3,73.1,50.9,13.7,53.1,57,99.92,53.1,"7,255",18.1,29,62.4,5.8,14.7,39.4,4.8,11.3,42.6,1.6,3.7,42.1,1,3,34,2.6,6.7,38.5,10,27.6,36.3,16.3,25.9,62.8,5.4,14.3,37.9,4.8,12,40.4,1.4,3.9,35.3,1.6,3.7,42.6,2.9,7.5,38.8,8.9,27,32.9
2020,Brooklyn Nets,72,35,37,0.486,48.6,111.8,40.4,90.3,44.8,13.1,38.1,34.3,17.9,24.1,74.5,10.6,37.3,47.9,24.5,15.3,6.4,4.5,5.3,21,21.1,-0.6,108.7,109.2,-0.5,60.6,1.6,17.3,28,73.6,51.1,14.8,52,55.4,101.7,50,"7,404",20.1,32.5,61.9,4.7,12.7,36.8,2.6,7,36.7,1.6,4.3,38.6,1.6,4.4,36.5,3.3,8.7,37.5,9.8,29.2,33.5,16.1,26.1,61.8,7,17,41.4,6.1,15,40.6,1.4,3.9,36.4,1.3,3.6,36.3,2.7,7.5,36.4,9.4,27.1,34.7
2020,Charlotte Hornets,65,23,42,0.354,48.5,102.9,37.3,85.9,43.4,12.1,34.3,35.2,16.2,21.6,74.8,11,31.8,42.8,23.8,14.6,6.6,4.1,5,18.8,20.6,-6.8,105.9,112.8,-7,63.9,1.63,17.7,28,70.6,48.6,15,50.4,53.9,96.24,45.5,"6,317",17.9,30.2,59.2,5.4,15.2,35.3,2,6.3,32,1.6,3.9,40.6,1.3,3.4,37.1,2.9,7.3,39,9.2,26.8,34.4,20.5,31.6,64.9,4.8,11.4,41.8,4.1,9.5,42.7,1.8,4.6,39.1,1.7,4.7,37.2,3.5,9.2,38.1,8.8,25.5,34.5
2020,Chicago Bulls,65,22,43,0.338,48.2,106.8,39.6,88.6,44.7,12.2,35.1,34.8,15.5,20.5,75.5,10.5,31.4,41.9,23.2,15.5,10,4.1,5.9,21.8,19.2,-3.1,105.8,108.9,-3.1,58.7,1.5,16.9,26.7,71.9,48.1,15.3,51.5,54.7,100.46,46.6,"6,563",19.9,33,60.2,4.8,12.9,37.5,2.7,7.6,35.1,2,5.1,38.8,1.2,3.1,37.7,3.2,8.2,38.4,9,26.7,33.8,20.5,31.3,65.6,4.3,11,39,3.5,8.6,41,2.1,4.4,47.9,1.3,4,33.3,3.4,8.3,41,7.7,23.1,33.5
2020,Cleveland Cavaliers,65,19,46,0.292,48.4,106.9,40.3,87.9,45.8,11.2,31.8,35.1,15.1,19.9,75.8,10.8,33.4,44.2,23.1,16.5,6.9,3.2,6.3,18.3,19.6,-7.9,106.9,114.8,-7.9,57.3,1.4,16.8,29.6,73.8,51.2,16.5,52.2,55.3,99.17,45.3,"6,497",17.6,29.1,60.7,7,16.2,43.1,4.5,10.9,41.2,1.4,3.5,39.4,1.2,3,41,2.6,6.5,40.1,8.6,25.2,34.1,21.4,32,66.9,5.4,13,41.5,4.7,11.5,40.9,2,4.4,44.6,1.4,3.7,37.7,3.4,8.1,41.4,9,24.7,36.5
2020,Dallas Mavericks,75,43,32,0.573,48.5,117,41.7,90.3,46.1,15.1,41.3,36.7,18.6,23.8,77.9,10.5,36.4,46.9,24.7,12.7,6.1,4.8,4.1,19.5,21.3,4.9,115.9,111.2,4.8,59.2,1.94,17.7,27.5,74,50.9,12.6,54.5,58.1,99.89,52.1,"7,569",16.8,25,67.4,5.6,14.2,39.3,4.1,9.9,41.4,1.6,4,38.9,2.1,4.9,42,3.6,8.9,40.6,11.5,32,36,18.4,29.1,63.3,6,15.2,39.3,5.2,12.4,42.3,1.4,3.6,38.3,1.3,3.3,38.2,2.7,6.9,38.3,9.6,27.8,34.5
2020,Denver Nuggets,73,46,27,0.63,48.6,111.3,42,88.9,47.3,11,30.6,35.9,16.2,20.9,77.7,10.8,33.4,44.1,26.7,13.8,8,4.6,4.4,20.3,20.5,2.1,112.6,110.4,2.2,63.6,1.94,19.1,29.4,72.5,50.9,13.9,53.5,56.7,97.64,51.7,"7,217",18.6,28.4,65.4,6.3,15.9,39.7,6.2,14.1,44.2,1.5,3.7,41,1.3,3.2,39.8,2.8,6.9,40.4,8.2,23.4,34.9,18.7,28.6,65.4,5.4,13.7,39.6,3.8,10.4,36.1,1.9,4.7,40,1.6,4,39.1,3.4,8.7,39.6,8.7,24.9,34.9
2020,Detroit Pistons,66,20,46,0.303,48.4,107.2,39.3,85.7,45.9,12,32.7,36.7,16.6,22.4,74.3,9.8,32,41.7,24.1,15.3,7.4,4.5,5.6,19.7,19.8,-3.6,108.8,112.3,-3.5,61.2,1.58,17.7,27.7,71.7,49.3,15.5,52.9,56.1,97.86,47.3,"6,507",18.2,29.1,62.7,5.9,15.8,37.2,3.2,8.2,39.5,2.1,4.7,44.2,2,4.9,39.8,4,9.6,42,7.9,22.8,34.7,19.2,29.2,65.8,6.8,16.2,42,5.3,12.5,42.3,1.3,3.5,37.6,1.5,3.3,45,2.8,6.8,41.2,7.9,22.6,34.9
2020,Golden State Warriors,65,15,50,0.231,48.4,106.3,38.6,88.2,43.8,10.4,31.3,33.4,18.7,23.2,80.3,10,32.9,42.8,25.6,14.9,8.2,4.6,4.9,20.1,20.1,-8.7,104.4,113,-8.6,66.3,1.72,18.2,25.5,72.2,48.1,14.6,49.7,54,101.04,46.2,"6,623",15.8,25.3,62.6,6.1,15.8,38.4,6.3,15.8,39.8,1.3,3.2,41.1,1.1,2.9,37.6,2.4,6.1,39.4,8,25,32.1,18.2,27.6,66,6.2,16.1,38.8,4.3,10.2,41.8,1.8,4.2,42.1,1.8,3.7,47.3,3.5,7.9,44.5,10,26.6,37.5
2020,Houston Rockets,72,44,28,0.611,48.3,117.8,40.8,90.4,45.1,15.6,45.3,34.5,20.6,26.1,79.1,9.8,34.5,44.3,21.6,14.7,8.7,5.2,4.9,21.8,21,3,112.5,109.8,2.7,53,1.47,15.5,24.9,71.3,48,14,53.7,57.8,104.04,49.4,"7,539",19.4,30.3,64.1,3.5,9.4,37.4,2.2,5.5,40.5,2.2,5.4,40.3,2.3,6.2,36.5,4.4,11.6,38.2,11.2,33.5,33.4,20.1,30.5,66.1,5.6,15.4,36.4,4.3,10.6,40.7,1.7,4.9,34.2,1.6,4.6,34.7,3.3,9.5,34.5,8.9,25.3,35.3
2020,Indiana Pacers,73,45,28,0.616,48.3,109.4,42.1,88.5,47.6,10.2,28,36.3,15,19.1,78.7,8.7,34.1,42.8,25.9,13.2,7.4,5.2,4.6,19.8,18.8,2,109.5,107.5,1.9,61.4,1.95,18.9,24.3,71.8,48.7,13.2,53.4,56.5,99.41,52,"7,299",18.5,29.6,62.6,6.1,13.5,45.4,7.3,17.3,42.1,1.4,3.8,36.7,1.2,2.9,43.3,2.7,6.7,39.5,7.5,21.2,35.5,17.9,29.4,60.7,6,14.2,41.9,4.2,11.2,37.5,1.3,3.8,33.2,1.3,3.5,37.9,2.6,7.3,35.4,8.9,26.1,34
2020,LA Clippers,72,49,23,0.681,48.3,116.3,41.6,89.2,46.6,12.4,33.5,37.1,20.8,26.3,79.1,10.7,37,47.7,23.7,14.6,7.1,4.7,4.7,22.1,22.9,6.4,113.3,106.9,6.3,57.1,1.63,16.9,27.8,73.7,51.5,14.2,53.5,57.7,102.16,53.2,"7,396",17.7,27.9,63.6,6.1,14.5,42.2,5.3,13.5,39.5,1.8,4.4,40.6,1.8,4.5,39.3,3.6,8.9,39.9,8.8,24.3,36.3,16.9,26.9,62.8,5.4,14.5,37.6,4.9,13.2,37.1,1.5,3.8,39.6,1.2,3.5,34.5,2.7,7.3,37.1,9.6,28.1,34.2
2020,Los Angeles Lakers,71,52,19,0.732,48.1,113.4,42.3,88.3,48,11,31.6,34.9,17.7,24.3,72.9,10.7,35.1,45.7,25.4,15.2,8.6,6.6,3.7,20.7,21.7,5.8,111.7,106.1,5.6,60,1.67,18,28.3,73.7,51.2,14.9,54.2,57.3,101.2,53.9,"7,211",22,31.9,69,4.4,11.4,38.2,4.9,13.4,36.8,1.9,4.4,44.5,1.6,4.3,36.4,3.5,8.7,40.5,7.5,22.7,33,17.5,28.8,60.9,5.4,13.4,40,4.5,11.6,39.1,1.6,3.9,41.2,1.2,3.2,38.1,2.8,7,39.8,8.8,26.1,33.7
2020,Memphis Grizzlies,73,34,39,0.466,48.1,112.6,42.5,90.9,46.8,10.9,31.5,34.7,16.6,21.8,76.3,10.3,36.2,46.5,26.9,15.2,7.9,5.5,5.3,21.2,20.2,-1.1,108.7,109.7,-1,63.3,1.77,18.7,27.1,73.3,50.6,14.7,52.8,56.1,103.31,50.7,"7,562",18.6,29,64.1,9.3,20.9,44.7,3.7,9.5,38.8,1.3,3.5,38.7,1.3,3.6,36.5,2.6,7,37.6,8.3,24.2,34.1,16.9,27.8,61,5.7,14.8,38.6,5.1,12.4,40.8,1.5,3.7,41.7,1.8,4.1,43,3.3,7.8,42.4,9.6,27.3,35.1
2020,Miami Heat,73,44,29,0.603,48.6,112,39.5,84.4,46.8,13.4,35.4,37.9,19.7,25.2,78.3,8.5,35.9,44.4,25.9,14.9,7.5,4.5,4.1,20.6,21.7,2.9,111.9,109.3,2.7,65.7,1.74,18.8,25.7,75.3,51.2,14.9,54.7,58.7,98.7,52.5,"7,306",16.6,24.9,66.9,5.3,12.9,41,4.1,11.2,36.7,1.8,4.2,41.9,1.5,4.5,34.5,3.3,8.7,38.1,10.1,26.4,38.2,16.9,25.6,65.8,5.2,13,39.9,3.6,10.3,35.2,1.7,4.6,38.1,1.7,4.7,35.8,3.4,9.3,36.9,9.7,28.3,34.1
2020,Milwaukee Bucks,73,56,17,0.767,48.2,118.7,43.3,90.9,47.6,13.8,38.9,35.5,18.3,24.7,74.2,9.5,42.2,51.7,25.9,15.1,7.2,5.9,4.5,19.6,21.7,10.1,111.9,102.5,9.4,59.8,1.71,18,24.1,77.5,52.4,14.2,55.2,58.3,105.51,56.2,"7,739",19.5,28.8,67.5,5.2,12.7,40.7,4.9,10.5,46.4,1.7,4.2,39.9,1.5,4.2,37.3,3.2,8.3,38.6,10.5,30.4,34.7,13.4,24.2,55.2,6,16.1,37.1,5.6,14.4,39.3,1.5,4.2,36.5,1.6,4.1,39.2,3.2,8.3,37.8,10.8,30.7,35.2
2020,Minnesota Timberwolves,64,19,45,0.297,48.6,113.3,40.4,91.6,44.1,13.3,39.7,33.6,19.1,25.4,75.3,10.5,34.3,44.8,23.8,15.3,8.7,5.7,5.5,21.4,21.6,-4.3,107.6,111.6,-4,59,1.55,16.7,26.4,73.1,48.8,14.6,51.4,55.1,103.94,47.2,"6,736",19.8,31.8,62.2,4.8,13.6,35.1,2.5,6.5,38.2,1.3,3.9,33.7,1.1,3.3,33.2,2.4,7.1,33.5,10.9,32.3,33.8,19.8,30.8,64.3,5.8,14.7,39.6,6,13.1,45.6,1.6,3.6,43.9,1,2.9,35,2.6,6.5,40,9,25.3,35.5
2020,New Orleans Pelicans,72,30,42,0.417,48.4,115.8,42.6,91.6,46.5,13.6,36.9,37,17.1,23.4,72.9,11.1,35.4,46.5,26.8,16.4,7.5,5,4.8,21.2,21.1,-1.3,110.5,111.8,-1.3,63,1.64,18.4,28.7,72.9,50.8,15.6,53.9,56.8,103.89,49.5,"7,548",20.3,32,63.5,4.6,12.3,37.5,4,10.5,38.4,1.8,4.7,37.4,1.9,4.4,43.4,3.7,9.2,40.3,9.9,27.4,36.2,20.6,33.2,62.3,5.4,13.7,39.9,4.4,11.2,39.7,1.7,4,42,1.4,3.5,41.4,3.1,7.5,41.7,9.1,26.2,34.7
2020,New York Knicks,66,21,45,0.318,48.4,105.8,40,89.3,44.7,9.6,28.4,33.7,16.3,23.5,69.4,12,34.5,46.5,22.1,14.3,7.6,4.7,5,22.2,19.8,-6.5,105.9,112.4,-6.5,55.2,1.54,16,30,74.2,51.3,14.3,50.1,53.1,99.11,46.1,"6,594",18.9,31.2,60.7,5.4,13.8,38.8,6.2,16,38.4,1.3,3.6,35.3,1,2.7,38.3,2.3,6.2,36.6,7.2,22,33,17.1,27,63.4,4.8,12.3,39.2,4.7,11.9,39.1,1.7,3.8,45.3,1.3,3.7,36.9,3.1,7.5,41.2,10.2,27.2,37.5
2020,Oklahoma City Thunder,72,44,28,0.611,48.4,110.4,40,85.5,46.8,10.7,30.2,35.5,19.8,24.8,79.6,8.2,34.7,42.9,21.7,13.7,7.6,4.9,4,19.3,22.8,2,110.1,108.1,2.1,54.3,1.58,16.3,24.1,72.8,49.2,13.7,53,57.3,99.42,51.9,"7,218",16.5,25.7,64.1,6.4,15.9,40,6.4,13.8,46.9,1.2,3.4,35.7,1,2.8,33.7,2.2,6.2,34.7,8.5,23.6,36.1,17.9,28.3,63.3,6.3,15.4,40.9,5.3,12.8,41.5,1.4,3.5,39.4,1.2,3.9,31.6,2.6,7.4,35.2,8.7,25.6,34
2020,Orlando Magic,73,33,40,0.452,48.1,107.3,39.3,88.6,44.4,11.1,32.2,34.3,17.6,22.7,77.4,10.3,34.2,44.5,23.9,12.8,8.2,5.4,4.6,18.3,19.5,-1,107.9,109.2,-1.3,60.8,1.86,17.5,26.7,74.9,50,12.9,50.6,54.4,98.99,49.6,"7,255",16.6,26.3,63.2,6.1,15.2,40.2,5.6,14.9,37.4,1.4,3.2,42.2,0.6,1.8,32.5,1.9,5,38.8,9.1,26.9,33.9,16.8,26.1,64.4,6.3,15.7,40.4,5,11.5,43.4,1.4,3.5,41.3,1.5,3.6,41.9,2.9,7,41.6,9.3,26.5,35.2
2020,Philadelphia 76ers,73,43,30,0.589,48.2,110.7,41.1,87.9,46.8,11.6,31.6,36.8,16.9,22.4,75.5,10.5,35,45.4,25.8,14.2,8,5.3,4,20.9,20.5,2.4,110.7,108.4,2.3,62.8,1.82,18.5,28.1,75.3,51.6,14.2,53.4,56.6,99.59,52.3,"7,304",17.5,26.9,65.1,6.3,15.1,41.4,5.7,14.3,39.9,1.5,3.5,42.5,1.2,3.1,38.8,2.7,6.6,40.7,8.9,24.9,36,18.1,27.9,64.8,6,15.1,39.5,5.3,13.5,39.5,1.1,2.7,40,0.9,2.4,36.8,1.9,5.1,38.5,8.4,24.2,34.9
2020,Phoenix Suns,73,34,39,0.466,48.2,113.6,41.2,88.1,46.8,11.4,31.8,35.8,19.9,23.8,83.4,9.8,33.8,43.5,27.2,14.8,7.7,4,5.5,22,22.6,0.2,111.3,110.8,0.5,66.1,1.84,19.2,26.1,73.4,49.8,14.5,53.2,57.6,101.74,51.2,"7,449",18.4,28.9,63.7,5.5,13.3,41.4,5.9,14.2,41.7,1.4,3.9,36.7,1.5,4,38.1,3,7.9,37.4,8.4,23.7,35.5,19.2,30.4,63.3,5.6,13.5,41.8,4.7,11.5,41.3,1.5,3.8,38.6,1.1,3.2,35.7,2.6,6.9,37.3,9,24.8,36.3
2020,Portland Trail Blazers,74,35,39,0.473,48.2,115,42.2,91.2,46.3,12.9,34.1,37.7,17.7,22.1,80.4,10.2,35.1,45.3,20.6,12.8,6.3,6.1,4.9,21.7,20.1,-1.1,113.2,114.3,-1.1,48.8,1.61,15.2,26.6,71.2,49.2,12.6,53.3,57,101.17,48.6,"7,519",16.7,27.7,60.4,5.6,13.3,42.1,7,16.1,43.4,1.3,3.1,42.9,1.5,3.6,41.2,2.8,6.7,42,10.1,27.3,36.9,18.3,30.6,59.6,5.2,13.6,38.4,4.8,12.1,39.3,1.6,3.9,40.2,1.7,4.1,40.2,3.2,8.1,40.2,10.3,27.1,37.9
2020,Sacramento Kings,72,31,41,0.431,48.5,110.1,40.9,88.4,46.2,12.7,34.9,36.4,15.7,20.3,77,9.7,32.9,42.6,23.8,14.5,7.7,4.1,4.2,22.2,19.5,-2,109.5,111.4,-1.9,58.2,1.64,17.4,25.8,73.6,49.2,14.4,53.4,56.6,99.6,47.9,"7,239",17,26.5,64.2,6.5,15.7,41.2,4.7,11.3,41.3,1.7,4.2,40.5,1.5,3.8,37.9,3.1,8,39.3,9.6,26.8,35.7,18.1,26.9,67.5,5.2,13,39.6,4.6,10.9,41.9,1.6,4.2,37.9,1.6,4.3,38.2,3.2,8.4,38,9.2,26.2,35.2
2020,San Antonio Spurs,71,32,39,0.451,48.5,114.1,42.2,89.4,47.2,10.7,28.5,37.6,19,23.4,81,9,35.6,44.6,24.7,12.6,7.3,5.5,4.3,19.4,20.1,-1.1,111.7,112.6,-0.9,58.5,1.96,17.9,23.3,75.1,49.5,12.3,53.1,57.2,101.14,50.2,"7,249",14.9,23.2,64.3,6.9,15.9,43.3,9.7,21.9,44.2,1.4,3.5,39.2,1.2,2.8,42.3,2.5,6.2,40.6,8.2,22.1,37.1,18.5,28.8,64.1,5.7,14.3,39.7,5.1,12.1,42.3,1.6,3.7,42.6,1.2,3.4,36.9,2.8,7.1,39.9,10.3,27.9,36.8
2020,Toronto Raptors,72,53,19,0.736,48.3,112.8,40.2,87.9,45.8,13.8,37,37.4,18.5,23.2,79.6,9.5,35.9,45.4,25.2,14.8,8.8,5,5.5,21.7,20.4,6.2,110.8,104.7,6.1,62.7,1.7,18.1,25.6,72.1,49.6,14.6,53.6,57.4,101.19,53,"7,328",19.1,31.3,61.1,4.3,11.2,38.1,3.1,8.5,35.8,1.7,4.4,38.8,1.5,4.1,37.8,3.3,8.5,38.3,10.5,28.2,37.4,15.6,26.3,59.3,5.2,13,39.8,4,10.3,38.7,2.4,6.5,37.3,2.2,6,36.8,4.6,12.5,37.1,8.4,26.1,32.3
2020,Utah Jazz,72,44,28,0.611,48.2,111.3,40.1,85.1,47.1,13.4,35.2,38,17.8,22.8,77.9,9.1,35.8,44.9,22.4,15.1,6.1,4.1,4.6,20.4,20.8,2.5,111.8,109.3,2.5,56,1.48,16.8,26.1,74.6,51.2,15.2,54.9,58.5,99.15,51.3,"7,169",16.8,25.8,65.3,6.7,16.6,40.5,3.2,7.6,41.9,1.8,4.6,39.3,2.2,5.2,42.6,4,9.8,41.1,9.3,25.2,37.1,16.8,26.3,63.7,7,17.3,40.2,6,14.5,41.7,1.2,2.6,43.7,1,2.9,34.1,2.2,5.6,38.7,8.8,25.1,34.9
2020,Washington Wizards,72,25,47,0.347,48.2,114.4,41.5,90.9,45.7,12,32.6,36.8,19.4,24.6,78.8,10.2,31.9,42,25,14.2,8,4.3,5,22.7,22.2,-4.7,110.2,114.7,-4.5,60.2,1.77,17.6,26.2,71.2,47.8,13.6,52.3,56.2,103.38,47.3,"7,475",17.9,27.8,64.3,4.9,13.6,36.2,6.7,16.9,39.8,1.3,3.1,43,0.9,2.7,34.5,2.3,5.8,39,9.7,26.5,36.7,19.1,28.7,66.5,6.6,14.6,45.4,4.9,11.9,41.4,1.5,3.6,41.7,1.2,2.9,40.8,2.7,6.5,41.3,9.8,26.4,36.9
2019,Atlanta Hawks,82,29,53,0.354,48.4,113.3,41.4,91.8,45.1,13,37,35.2,17.6,23.4,75.2,11.6,34.5,46.1,25.8,17,8.2,5.1,5.5,23.6,22.2,-6,107.5,113.1,-5.5,62.4,1.52,17.7,28.4,71.8,49.6,16.2,52.2,55.5,104.56,46.4,"8,642",20.4,33.5,61.1,5.1,13.6,37.8,2.8,7.8,36.3,1.7,4.5,37.3,2.2,5.4,40.6,3.9,9.9,39.1,9.1,26.9,34,19.1,30.2,63.3,5.5,12.6,43.8,5.8,13.2,43.6,1.9,4.9,38.2,1.5,3.7,39,3.3,8.6,38.5,9,25.6,35.3
2019,Boston Celtics,82,49,33,0.598,48.2,112.4,42.1,90.5,46.5,12.6,34.5,36.5,15.6,19.5,80.2,9.8,34.7,44.5,26.3,12.8,8.6,5.3,3.9,20.4,19.5,4.4,111.3,107,4.3,62.4,2.05,18.8,25.7,72.8,49.5,12.7,53.4,56.7,100.43,53,"8,282",16.7,26,64.4,5.7,13.3,42.7,7.1,16.8,42.3,1.5,3.6,41.8,1.1,3.8,28.2,2.6,7.3,34.9,10,27,37.1,17.4,27.6,62.8,5.6,14.3,39.1,5.1,12.6,40,1.2,3.6,34.4,1.5,3.7,40.4,2.7,7.3,37.4,8.8,26,33.7
2019,Brooklyn Nets,82,42,40,0.512,48.7,112.2,40.3,89.7,44.9,12.8,36.2,35.3,19,25.5,74.5,11,35.6,46.6,23.8,15.1,6.6,4.1,5.3,21.5,22,-0.1,108.9,109,-0.1,59.2,1.58,16.9,28.2,72,50.1,14.6,52,55.6,101.52,49.2,"8,452",18.9,30.8,61.2,5.5,14.6,37.6,3.2,8.2,38.8,1.3,3.5,38.5,1.3,3.7,35.9,2.7,7.2,37.1,10,28.7,34.9,18.1,29.4,61.5,7.5,17,44.4,6.3,15.9,39.7,1.2,3.3,37.2,0.9,3,30.6,2.2,6.3,34.1,8.1,23.7,34.3
2019,Charlotte Hornets,82,39,43,0.476,48.4,110.7,40.2,89.8,44.8,11.9,33.9,35.1,18.4,23.1,79.7,9.9,33.9,43.8,23.2,12.2,7.2,4.9,6,18.9,20.6,-1.1,110.7,112,-1.3,57.8,1.9,17,26.8,73.1,49.5,12.2,51.4,55.4,99.18,48.6,"8,202",17.6,29.6,59.4,5.8,14.3,40.9,4.9,12.1,40.6,1.4,3.8,36.7,1.4,3.2,45.4,2.8,7,40.6,9.1,26.5,34.2,19.5,30.4,64.2,5,12.5,39.9,5.3,12.8,41.7,1.6,3.7,41.7,1.6,3.8,41.9,3.1,7.5,41.8,9,25.9,34.6
2019,Chicago Bulls,82,22,60,0.268,48.5,104.9,39.8,87.9,45.3,9.1,25.9,35.1,16.2,20.7,78.3,8.8,34.1,42.9,21.9,14.1,7.4,4.3,5.8,20.3,18.7,-8.4,104.5,112.8,-8.3,55,1.55,16.3,24.2,72.7,48.3,14.1,50.5,54.1,99.3,45.3,"8,232",18.3,30.5,60,7.1,17,41.5,5.4,14.5,37.1,1.4,3.5,38.9,1,2.5,41.8,2.4,5.9,40.1,6.7,19.7,33.9,19.1,30,63.6,5.5,12.7,43.3,5.6,13.5,41.5,1.5,3.7,42.1,1.4,3.6,39.8,3,7.2,40.9,9.1,25.6,35.6
2019,Cleveland Cavaliers,82,19,63,0.232,48.2,104.5,38.9,87.6,44.4,10.3,29.1,35.5,16.4,20.7,79.2,10.7,31.9,42.7,20.7,13.5,6.5,2.4,5.6,20,19.4,-9.6,106.8,116.8,-10,53.2,1.54,15.6,28.2,73.2,49.6,13.8,50.3,54,97.37,43.6,"8,021",16.1,27,59.7,6.1,15.9,38.5,6.3,15.6,40.5,1.5,3.7,39.9,0.9,2.8,32,2.3,6.4,36.5,8,22.6,35.4,19.8,29,68.2,5.2,12.3,42.6,6.1,14.3,42.9,1.5,3.8,39.4,1.5,3.6,40.3,2.9,7.4,39.8,9.1,24.1,37.6
2019,Dallas Mavericks,82,33,49,0.402,48.2,108.9,38.8,86.9,44.7,12.5,36.6,34,18.8,25.3,74.2,10.1,35.2,45.3,23.4,14.2,6.5,4.3,4.5,20.1,23.2,-1.3,108.7,110.1,-1.5,60.3,1.64,17,27.3,73.4,50.3,14.2,51.9,55.5,99.6,49.2,"8,216",17.1,26.4,65,5.1,13.1,39.1,4.1,10.8,37.9,1.4,3.6,39.5,1.5,3.9,37.5,2.9,7.5,38.5,9.6,28.8,33.3,17.9,27.3,65.7,5.9,14.8,40.1,5.9,14.6,40.2,1.3,3.8,34.8,1.4,3.8,36.8,2.7,7.5,35.8,8.5,24.7,34.4
2019,Denver Nuggets,82,54,28,0.659,48.1,110.7,41.9,90,46.6,11,31.4,35.1,15.8,20.9,75.5,11.9,34.5,46.4,27.4,13.4,7.7,4.4,5,20,20.4,4,112.1,108.1,4,65.3,2.04,19.3,30.8,74.4,52.4,13.6,52.7,55.8,98.49,52.4,"8,096",18.3,29,63.3,7.7,17.8,43.3,4.9,12,41.1,1.4,3.5,38.5,1.2,2.8,41.1,2.5,6.3,39.7,8.4,24.7,34.1,18.9,29.9,63.4,5.5,13.1,42.4,4.4,11.7,37.6,1.8,4.5,39.4,1.5,4.3,35.9,3.3,8.8,37.7,7.4,22.8,32.4
2019,Detroit Pistons,82,41,41,0.5,48.4,107,38.8,88.3,44,12.1,34.8,34.8,17.3,23.1,74.7,11.4,33.6,45,22.5,13.8,6.9,4,5.1,22.1,21.3,-0.2,108.4,108.7,-0.3,57.9,1.63,16.5,29.1,74.5,50.9,14,50.9,54.4,97.88,48.2,"8,101",16.9,27.9,60.7,5.5,14.9,37,4.3,10.8,40.2,1.9,5,38.3,1.6,4.3,37.8,3.5,9.3,38.1,8.6,25.2,34.1,18.1,27.5,65.9,6.8,16.2,42.1,5.4,13.6,39.6,1.2,3.1,39.7,1.3,3.2,39.6,2.5,6.2,39.6,7.1,21.4,33.2
2019,Golden State Warriors,82,57,25,0.695,48.3,117.7,44,89.8,49.1,13.3,34.4,38.5,16.3,20.4,80.1,9.7,36.5,46.2,29.4,14.3,7.6,6.4,3.6,21.4,19.5,6.5,115,108.6,6.5,66.8,2.06,20.4,25.7,72.7,50.5,13.9,56.5,59.6,101.74,54.6,"8,390",16.8,24.9,67.8,4.8,10.9,43.8,9.2,19.6,46.9,1.6,3.8,43,1.4,3.3,42,3,7.1,42.5,10.2,27.1,37.7,16.9,26.1,64.7,6.6,17.7,37.5,5.2,13.8,38.1,1.5,3.9,37.4,1.2,3.5,33.9,2.6,7.4,35.8,9,26,34.7
2019,Houston Rockets,82,53,29,0.646,48.4,113.9,39.2,87.4,44.9,16.1,45.4,35.6,19.3,24.4,79.1,10.2,31.9,42.1,21.2,13.3,8.5,4.9,4.5,22,20,4.8,114.9,110.1,4.8,54.1,1.59,15.9,26.9,70,48.1,13.5,54.2,58.1,98.39,49.8,"8,130",16.8,26.4,63.8,4.2,10.8,39,2.1,4.8,43.2,1.7,4.7,37,2.5,6.7,36.8,4.2,11.4,36.9,11.9,33.8,35.2,19.6,29.5,66.7,6.2,15.8,39.4,4.4,11.6,37.9,1.7,4.3,39,1.4,4,34.6,3,8.3,36.9,7.1,21.4,33.1
2019,Indiana Pacers,82,48,34,0.585,48.1,108,41.3,87,47.5,9.5,25.4,37.4,15.8,21.1,75.2,9.3,33.7,43,26,13.7,8.7,4.9,5.2,19.4,20,3.3,109.4,106,3.4,62.8,1.9,18.9,26.9,72.2,49.9,13.9,53,56.1,98.64,52.7,"8,097",18.9,30.4,62.4,5.5,12.9,42.6,7.4,18.4,40.3,1.5,3.5,43.4,1.1,2.7,42.2,2.6,6.1,42.9,6.8,19.1,35.9,17.9,28.8,62,4.5,12.3,36.6,5,12.8,38.9,1.5,3.7,38.9,1.2,3.5,35,2.7,7.2,37,8.7,24.7,35.2
2019,LA Clippers,82,48,34,0.585,48.4,115.1,41.3,87.5,47.1,10,25.8,38.8,22.6,28.5,79.2,9.7,35.8,45.5,24,14.5,6.8,4.7,6.1,23.3,24,0.9,111.4,110.4,1,58.2,1.65,17.1,26.3,72.2,50,14.1,52.9,57.5,102.66,50.5,"8,475",18.8,31.1,60.6,6.8,16.6,40.9,5.7,14.1,40.1,1.3,3.3,39.8,1.1,2.5,43.2,2.4,5.7,41.2,7.6,19.8,38.5,19.7,31.4,62.6,5.9,15.4,38.2,5.8,14.3,40.8,1.1,2.9,36.7,1,2.7,36.5,2,5.6,36.6,8.3,24.4,34
2019,Los Angeles Lakers,82,37,45,0.451,48.2,111.8,42.6,90.5,47,10.3,31,33.3,16.3,23.3,69.9,10.2,36.4,46.6,25.6,15.7,7.5,5.4,5.1,20.7,20.8,-1.7,107.4,108.9,-1.6,60,1.63,17.8,27,72.5,50.2,15,52.7,55.4,103.6,49.5,"8,534",23.2,35.8,64.6,4.6,12.6,36.8,4.4,11.2,39.8,1.2,3.5,34,1.2,3.4,35.6,2.4,6.9,34.8,7.9,23.9,33.1,20,33.1,60.5,5.1,13.3,38.6,5,12.6,39.6,1.5,3.8,37.9,1.4,3.8,35.6,2.8,7.7,36.7,9,26.1,34.5
2019,Memphis Grizzlies,82,33,49,0.402,48.5,103.5,38,84.4,45,9.9,28.9,34.2,17.7,23,77.2,8.8,33,41.8,23.9,14,8.3,5.5,4.9,22,21.4,-2.6,105.6,108,-2.4,63.1,1.71,17.9,24.7,72.4,48.4,14.3,50.8,54.8,97.15,49,"8,038",16.3,26.4,61.9,6.8,16.7,40.9,4.9,12.5,39.5,1.4,3.7,37.2,1.2,3.4,34.5,2.5,7,35.9,7.4,21.7,33.9,16.7,27.3,61.1,4.7,11.8,39.6,4.7,12.1,38.6,1.5,4,38.2,1.7,4,42.6,3.2,7.9,40.4,8.4,24.1,34.8
2019,Miami Heat,82,39,43,0.476,48.1,105.7,39.6,88,45,11.3,32.4,34.9,15.1,21.7,69.5,11.2,35.1,46.3,24.3,14.7,7.6,5.5,4.7,20.9,20.1,-0.2,106.7,107.1,-0.4,61.2,1.65,17.6,29.1,73.1,50.9,14.9,51.5,54.2,98.73,50.1,"8,122",18.3,29.2,62.6,6.2,15.5,39.9,3.9,11,35.3,2.1,4.9,42,1.3,3.9,32.2,3.3,8.9,37.6,8,23.3,34.2,15.6,26.5,58.7,5.6,13.8,40.2,5.3,13.3,40.1,1.6,4.2,38.5,1.6,4.5,35.7,3.3,8.8,37,8.6,24.2,35.4
2019,Milwaukee Bucks,82,60,22,0.732,48.2,118.1,43.4,91.1,47.6,13.5,38.2,35.3,17.9,23.2,77.3,9.3,40.4,49.7,26,13.9,7.5,5.9,4.8,19.6,20.2,8.9,113.5,104.9,8.6,60.1,1.88,18.3,25,75.7,51.6,13.3,55,58.3,103.57,55.3,"8,533",22.6,34.1,66.2,4.1,10.5,38.9,3.2,8.4,38.6,1.4,3.8,37.2,1.5,4,39.1,3,7.7,38.2,10.5,30.4,34.7,14.8,25.5,58,6.3,16.3,38.7,6.3,15.5,41,1.7,4.1,41.4,1.4,3.6,40.1,3.1,7.7,40.8,10,28.4,35.1
2019,Minnesota Timberwolves,82,36,46,0.439,48.4,112.5,41.6,91.3,45.6,10.1,28.7,35.1,19.1,24.3,78.7,11.3,33.5,44.8,24.6,13.1,8.3,5,5.5,20.3,21.9,-1.5,110.6,112.2,-1.6,59.1,1.88,17.4,29.2,70.9,49.7,12.9,51.1,55.2,100.88,49.8,"8,341",18.5,29.4,62.9,6.3,16,39.3,6.8,17.2,39.7,1.3,3.4,38.9,1.2,3.2,37.7,2.5,6.6,38.3,7.5,21.9,34.3,19.3,30.6,63.2,5.1,13.4,38.1,5,12.7,39.7,1.8,4.2,43,1.8,4.3,41.6,3.5,8.4,42.3,9.1,25,36.4
2019,New Orleans Pelicans,82,33,49,0.402,48.2,115.4,43.7,92.2,47.3,10.3,29.9,34.4,17.8,23.4,76.1,11.1,36.2,47.3,27,14.8,7.4,5.4,5.4,21.1,21,-1.3,110.7,112,-1.3,61.9,1.82,18.6,28.5,72.9,50.9,14.2,52.9,56.3,103.89,49.8,"8,553",21.5,33.2,64.7,7.6,17.6,43.4,4.4,11.7,37.4,1.3,3.3,38,1,3.1,31.9,2.3,6.5,35,7.9,23.1,34.2,20.1,31.6,63.7,5.7,14.1,40.2,5.2,13.4,39,1.4,3.6,37.8,1.7,4,42.5,3,7.6,40.3,9.2,26,35.4
2019,New York Knicks,82,17,65,0.207,48.2,104.6,38.2,88.3,43.3,10,29.5,34,18.1,23.9,75.9,10.5,34.3,44.7,20.1,14,6.8,5.1,5.6,20.9,20.8,-9.2,104,112.9,-8.9,52.5,1.43,14.9,26.4,71.7,48.6,14,49,52.9,100.16,44.2,"8,244",17.4,30,57.9,4.7,12.5,37.3,6.2,16.4,37.8,0.9,2.5,33.8,1,2.8,35.1,1.8,5.3,34.5,8.2,24,34,20.3,32.4,62.5,5,12.1,41.5,4.8,12.6,38.1,1.7,4.4,39.1,1.5,3.8,40.9,3.3,8.2,39.9,8.5,24.2,35.3
2019,Oklahoma City Thunder,82,49,33,0.598,48.4,114.5,42.6,94,45.4,11.4,32.6,34.8,17.8,25,71.3,12.6,35.5,48.1,23.4,14,9.3,5.2,5.1,22.4,22.5,3.4,109.8,106.5,3.4,54.8,1.67,16.3,29.8,73.8,50.9,13.4,51.4,54.5,103.38,50.6,"8,549",21,34,61.8,4.9,13.3,37,5.4,14.2,38,1.4,4.1,34.9,1.9,4.7,39.9,3.3,8.8,37.6,8,23.5,34.1,19.4,31.9,60.9,4.8,11.9,40.3,5.3,13.3,40,1.5,3.9,38.6,1.5,4.2,37.1,3,8.1,37.8,8.2,23.3,35.1
2019,Orlando Magic,82,42,40,0.512,48.2,107.3,40.4,89.1,45.4,11.4,32.1,35.6,15,19.2,78.2,10,35.4,45.4,25.5,13.2,6.6,5.4,4.4,18.6,18.7,0.7,108.2,107.6,0.6,63.2,1.94,18.6,25.9,75.4,50.4,13.3,51.8,55,98.65,50.8,"8,133",16.3,25.5,63.9,5.7,14,40.6,7,17.5,40.2,1.5,4.1,36.9,1,2.4,40.1,2.5,6.5,38.1,9,25.3,35.3,17.2,27.4,62.9,6.4,16.2,39.7,5.8,13.9,42,1.1,3,38.4,1.2,3.2,37.7,2.3,6.1,38,8.1,23.9,34.1
2019,Philadelphia 76ers,82,51,31,0.622,48.3,115.2,41.5,88.2,47.1,10.8,30.2,35.9,21.2,27.5,77.1,10.9,36.9,47.8,26.9,14.9,7.4,5.3,4.1,21.3,22.1,2.7,111.6,109,2.6,64.8,1.8,18.7,27.8,74.1,51.7,14.4,53.2,57.4,102.59,52.9,"8,467",19,28.8,65.9,5.7,14.2,40.3,6,15.1,40,1,2.3,41.2,1.2,3.5,35.4,2.1,5.7,37.7,8.7,24.3,35.7,19,30.9,61.4,6.6,15.8,41.8,5.8,14.8,39.5,0.9,2.8,33.6,1,2.8,35.8,1.9,5.5,34.7,8.4,24.2,34.5
2019,Phoenix Suns,82,19,63,0.232,48.5,107.5,40.1,87.4,45.9,9.6,29.3,32.9,17.6,22.7,77.9,9.1,31.3,40.4,23.9,15.6,9,5.1,5,23.6,20.7,-9.3,105.3,114.2,-8.9,59.5,1.53,17.3,24.7,68.3,46.4,15.3,51.4,55.2,101.15,45,"8,371",18.4,29.1,63.2,6.5,15.1,43,5.6,13.9,40.3,1.2,3.6,34.1,1.2,3.6,32.4,2.4,7.2,33.3,7.2,21.9,33,21,33.1,63.4,5.5,13.5,41,4.9,11.7,41.3,1.3,3.3,39.7,1.4,3.1,44,2.7,6.5,41.8,8.4,23.1,36.3
2019,Portland Trail Blazers,82,53,29,0.646,48.4,114.7,42.3,90.6,46.7,11,30.7,35.9,19,23.3,81.4,11.8,36.2,48,23,13.8,6.7,5,5.1,20.4,20.7,4.2,113.7,109.5,4.2,54.4,1.66,16.6,30.8,73.9,52.6,13.7,52.8,56.8,99.96,52.1,"8,269",19.7,32.7,60.4,4.9,12,41.2,6.6,15.3,43.6,1,2.6,38.9,0.8,2.4,33.2,1.8,5,36.1,9.2,25.6,36,18.4,30.1,61,5.5,13.9,39.7,6.5,16.2,40,1.1,2.9,37,0.9,2.6,35,2,5.5,36,8.7,24,36.2
2019,Sacramento Kings,82,39,43,0.476,48.1,114.2,43.2,93.1,46.4,11.3,29.9,37.8,16.5,22.7,72.6,11,34.4,45.4,25.4,13.4,8.3,4.4,5.1,21.4,21.4,-1.1,109.6,110.8,-1.2,58.8,1.9,17.7,26.8,71.3,48.7,12.8,52.4,55.4,103.88,49.5,"8,545",18.9,30,63,7,17.9,39.1,6,15.3,39.1,1.4,3.4,40.1,1.2,3,38.9,2.5,6.4,39.5,8.8,23.4,37.5,19.9,30.5,65.4,5.7,13.7,41.5,4.6,11.9,38.9,1.3,3.8,35,1.5,4.1,35.8,2.8,8,35.4,9.2,26.4,34.8
2019,San Antonio Spurs,82,48,34,0.585,48.3,111.7,42.3,88.4,47.8,9.9,25.3,39.2,17.2,21,81.9,9.2,35.5,44.7,24.5,12.1,6.1,4.7,4,18.1,19.6,1.7,112.2,110.6,1.6,58,2.03,18.1,24.6,74.4,50.1,12.2,53.4,57.2,98.88,51.6,"8,162",14,21.5,65.2,7.6,16.8,45.4,10.8,24.9,43.3,1.1,2.5,45.1,1.2,2.7,46.2,2.4,5.2,45.6,7.5,19.9,37.9,16.5,26,63.2,6.9,16,42.9,6.5,15,43.2,1.5,3.6,41.7,1.2,3.2,37.5,2.7,6.8,39.7,9,25.7,35.1
2019,Toronto Raptors,82,58,24,0.707,48.5,114.4,42.2,89.1,47.4,12.4,33.8,36.6,17.7,22,80.4,9.6,35.6,45.2,25.4,14,8.3,5.3,4.5,21,20.5,6.1,112.6,106.8,5.8,60.3,1.81,18.2,26.5,72.6,50.2,13.8,54.3,57.9,100.51,53.3,"8,334",18.3,28.6,63.9,5.9,13.8,42.9,5.6,12.8,43.5,2.1,5,42.4,2,4.7,42.8,4.1,9.6,42.6,8.3,23.9,34.5,17.9,29.4,60.9,5.8,14.8,39.4,5.8,14.3,40.5,1.5,4.1,36.6,1.4,4,35.4,2.9,8,36,7.8,23,34.1
2019,Utah Jazz,82,50,32,0.61,48.2,111.7,40.4,86.4,46.8,12.1,34,35.6,18.8,25.5,73.6,10,36.4,46.4,26,15.1,8.1,5.9,4.6,21.1,22.4,5.3,110.3,105.3,5,64.4,1.72,18.5,27.5,75.9,52.2,14.9,53.8,57.2,100.84,53.9,"8,308",20.2,31,65.1,4.7,12.5,37.6,3.4,8.8,38.7,2,5.2,39.6,1.8,5,36,3.9,10.2,37.8,8.2,23.6,34.9,16.4,27.5,59.6,7.4,18.1,41,6.3,15.1,41.6,1.1,2.8,38.6,0.9,2.9,32.4,2,5.7,35.4,7.8,21.7,35.8
2019,Washington Wizards,82,32,50,0.39,48.6,114,42.1,90.1,46.8,11.3,33.3,34.1,18.4,23.9,76.8,9.7,32.7,42.4,26.3,14.1,8.3,4.6,4.6,20.7,21.2,-2.9,110.2,112.9,-2.7,62.3,1.87,18.4,25.2,70.6,47.7,13.6,53.1,56.7,102.23,48.7,"8,486",20.5,30.8,66.6,4.5,11.5,39.3,5.8,14.5,39.9,1.2,3.7,32,1.6,4,40.7,2.8,7.6,36.5,8.5,25.5,33.5,21.3,32.2,66.1,4.8,12.9,37,5.3,12.7,41.4,1.5,3.6,42.2,1.1,3,36.1,2.6,6.6,39.4,9.5,25.9,36.6
2018,Atlanta Hawks,82,24,58,0.293,48.1,103.4,38.2,85.5,44.6,11.2,31,36,15.8,20.2,78.5,9.1,32.8,41.9,23.7,15.5,7.8,4.2,5.5,19.6,20.3,-5.5,104.4,110.1,-5.7,62.2,1.53,17.6,26.3,71.9,48.9,15.7,51.2,54.7,98.76,46.8,"8,114",16.4,27,60.8,4.2,11.8,36,6.4,15.8,40.3,1.7,4.3,39.6,1.7,3.7,46.1,3.4,8,42.6,7.7,22.6,34.1,16.3,25.9,63,5.9,13.4,43.7,7,16.7,41.7,1.2,3.3,36.8,1.5,3.7,39.2,2.7,7,38.1,8.9,23.5,37.7
2018,Boston Celtics,82,55,27,0.671,48.3,104,38.3,85.1,45,11.5,30.4,37.7,16,20.7,77.1,9.4,35.1,44.5,22.5,14,7.4,4.5,4.4,19.7,19.2,3.6,106.8,103.2,3.6,58.6,1.6,17,26.3,73.9,50.4,14.4,51.8,55.2,96.75,51.9,"7,987",15,25.3,59.2,4.9,13,37.9,7,16.4,42.5,1.5,3.4,42.7,1.3,3.4,39.6,2.8,6.8,41.2,8.6,23.4,37,17.1,27.6,61.9,4.8,13.2,35.9,6.1,16.5,37.1,1,2.8,38.1,1.2,2.6,46.2,2.2,5.3,42,7.1,22,32.5
2018,Brooklyn Nets,82,28,54,0.341,48.4,106.6,38.2,86.8,44.1,12.7,35.7,35.6,17.4,22.6,77.2,9.7,34.8,44.4,23.7,15.2,6.2,4.8,5.5,20.6,19.7,-3.7,106.1,109.7,-3.6,61.9,1.56,17.3,25.1,73.1,48.9,15.1,51.4,55.1,99.66,47.4,"8,238",16.4,26.5,61.7,5.5,14.6,38,3.6,10,36.3,1.4,4,36.3,1.4,3.7,37.5,2.8,7.6,36.9,9.9,27.8,35.5,16.4,26.9,61.1,7.5,17.3,43.3,8.8,20.9,42.2,0.9,2.5,36.8,1,2.4,42,1.9,4.8,39.3,7,19.3,36.4
2018,Charlotte Hornets,82,36,46,0.439,48.2,108.2,39,86.7,45,10,27.2,36.9,20.2,27,74.7,10.1,35.4,45.5,21.6,12.7,6.8,4.5,4.9,17.2,22.4,0.3,109,109,-0.1,55.4,1.7,16.1,27.1,76.3,51.2,12.8,50.8,54.9,98.66,50,"8,143",16.2,26.5,61.2,5.7,14.1,40.1,7.1,18.9,37.5,0.8,2.4,35.6,0.8,2.1,37.4,1.6,4.4,36.5,8.4,22.5,37.4,16.7,25.8,64.7,5.9,13.9,42.5,7.2,18,40,1.2,3.3,37.6,1.3,2.9,45.3,2.5,6.1,41.2,8.8,23.8,36.9
2018,Chicago Bulls,82,27,55,0.329,48.4,102.9,38.7,88.8,43.5,11,31.1,35.5,14.6,19.2,75.9,9.6,35,44.7,23.5,14,7.6,3.5,5.2,19.2,17.4,-7,103.4,110.5,-7,60.7,1.68,17.3,25.6,76.7,50,14.1,49.7,52.9,98.65,45.3,"8,160",15.3,25.8,59.2,5.6,14.2,39.5,6.7,17.8,37.9,1.2,3.1,37.9,1.1,2.9,37.1,2.2,6,37.6,8.8,24.9,35.4,18,27.5,65.5,4.2,10.6,39.6,6.7,16,41.7,1.5,4,36.9,1.4,3.3,41.6,2.9,7.3,39.1,9.2,25.1,36.6
2018,Cleveland Cavaliers,82,50,32,0.61,48.1,110.9,40.4,84.8,47.6,12,32.1,37.2,18.1,23.3,77.9,8.5,33.7,42.1,23.4,13.7,7.1,3.8,4.1,18.6,20.7,0.9,112,111.1,1,57.9,1.7,17.5,24.3,73,49.2,13.9,54.7,58.4,98.72,50.2,"8,114",18.6,27.1,68.5,3.5,9.6,36.9,6.3,16,39.6,1.8,4.4,41.2,1.7,4.2,41.2,3.5,8.5,41.2,8.4,23.4,36,18.5,28.6,64.8,5,12.2,40.7,6.7,15.9,42,1.7,3.7,45.4,1.4,3.3,43.4,3.1,7,44.5,8.5,24.2,35.1
2018,Dallas Mavericks,82,24,58,0.293,48.3,102.3,38.1,85.9,44.4,11.8,32.8,36,14.2,18.7,76.3,8.1,33.1,41.3,22.7,12.3,7,3.8,4.5,19.2,19.6,-3,105.4,108.4,-2.9,59.4,1.85,17.3,22.4,74.9,47.8,12.7,51.3,54.4,96.53,47.5,"7,959",14.5,23.3,62.3,4.9,12.4,39.7,7,17.4,39.9,1.3,3.2,39.2,1.1,2.5,45.6,2.4,5.7,42,9.4,26.8,35,15.4,23,66.8,5.7,13.5,42.4,7.5,17.9,42,1.1,3.1,34.6,1.2,2.9,41.3,2.3,6.1,37.8,8.3,23,36.2
2018,Denver Nuggets,82,46,36,0.561,48.5,110,40.7,86.6,47,11.5,30.9,37.1,17.1,22.3,76.7,11,33.5,44.5,25.1,15,7.6,4.9,4.8,18.7,20.7,1.5,111.4,110,1.4,61.7,1.68,18.2,30,73.6,51.7,15.1,53.6,57,97.69,51.1,"8,095",18.2,28.6,63.4,6.3,15.4,41.2,4.8,11.7,40.7,1.1,2.8,39.4,1.2,2.7,45.5,2.3,5.4,42.4,9.1,25.1,36.4,18,27.8,64.6,5.7,14.2,40.2,6.8,16,42.4,1.6,4.1,38.2,1.3,3.3,39,2.9,7.4,38.5,8,21.2,37.7
2018,Detroit Pistons,82,39,43,0.476,48.3,103.8,39.1,86.9,45,10.8,28.9,37.3,14.7,19.8,74.5,10.1,33.6,43.7,22.8,13.4,7.7,3.9,4.9,18.4,18.4,-0.1,106.6,106.7,-0.1,58.2,1.7,17.1,26.9,74,49.9,13.8,51.2,54.3,96.75,48.9,"7,981",16,25.9,61.9,5.7,16.2,35.4,6.5,16,40.9,1.2,3.2,37.6,1.5,3.7,41,2.7,6.9,39.4,8.1,21.8,37.1,16.4,24.8,66.1,5.4,14.3,37.5,6.2,15.3,40.8,1.5,3.8,38.1,1.5,3.7,40.3,2.9,7.5,39.2,8.1,23.1,35.2
2018,Golden State Warriors,82,58,24,0.707,48.1,113.5,42.8,85.1,50.3,11.3,28.9,39.1,16.6,20.3,81.5,8.4,35.1,43.5,29.3,15.4,8,7.5,3.7,19.6,18.5,6,112.8,106.8,5.9,68.5,1.9,20.9,24.3,71.2,49.7,15.3,56.9,60.3,100.35,55.4,"8,251",17,24.9,68.3,5,11.2,44.9,9.5,20.1,47,1.1,2.7,39.2,0.9,2.1,41.1,1.9,4.8,40.1,9.3,23.7,39.4,17.7,28.2,62.7,6,16,37.5,6.1,16.6,36.8,1.2,3.2,38.5,1,2.6,38.1,2.2,5.8,38.4,8.2,23.2,35.2
2018,Houston Rockets,82,65,17,0.793,48.2,112.4,38.7,84.2,46,15.3,42.3,36.2,19.6,25.1,78.1,9,34.5,43.5,21.5,13.8,8.5,4.8,4.4,19.5,20.4,8.5,114.1,105.7,8.4,55.7,1.56,16.4,25.4,75,50.3,14.1,55.1,59,98.02,53.1,"8,078",17.3,26.9,64.3,3.1,8.1,37.6,3,6.9,44.4,1.9,4.7,40.5,2,5.3,38.8,4,10,39.6,11.3,32.1,35.3,18.7,29.1,64.3,5.3,13,40.8,5.5,14.6,37.3,1.1,3.2,33.3,1.4,3.3,42.4,2.5,6.5,37.9,7.6,22.2,34.5
2018,Indiana Pacers,82,48,34,0.585,48.2,105.6,40.8,86.4,47.2,9,24.5,36.9,14.9,19.2,77.9,9.6,32.7,42.3,22.2,13.3,8.8,4.1,5.2,18.8,18.5,1.4,108.5,107.3,1.3,54.4,1.67,16.8,27.1,72.1,49.6,13.6,52.5,55.7,96.84,50.9,"7,977",17.2,27.6,62.2,5.2,12.2,42.6,9.4,22.1,42.6,1.1,3,37.6,1.3,2.7,48.1,2.4,5.6,42.6,6.6,18.6,35.6,17.3,26.5,65.2,5.1,12,42.8,6.4,15.9,40.1,1.5,3.5,41.7,1.1,2.8,37.6,2.5,6.3,39.9,8.1,23.8,33.9
2018,LA Clippers,82,42,40,0.512,48.1,109,40.3,85.4,47.1,9.5,26.8,35.4,19,25.5,74.3,10.1,33.7,43.9,22.3,14.7,7.7,4.5,5.6,20,22,0,109.4,109.2,0.2,55.5,1.52,16.5,28.4,71.8,50.4,14.7,52.7,56.4,99.54,49.7,"8,167",20.7,32.9,63,5.4,13.7,39.2,4.7,12,38.9,1.2,3.5,33.4,0.9,2.7,35.2,2.1,6.1,34.2,7.4,20.5,36,17.3,27.1,63.8,5.1,13.1,39.3,7.1,17.3,40.8,1.4,3.8,36.2,1.5,3.6,40.4,2.8,7.3,38.2,7.9,22.7,35
2018,Los Angeles Lakers,82,35,47,0.427,48.5,108.1,40.7,88.4,46.1,10,29.1,34.5,16.6,23.3,71.4,10.7,35.7,46.4,23.8,15.8,7.7,4.7,5.5,21.2,20.5,-1.5,106,107.3,-1.3,58.4,1.51,17,27.9,72.9,50.5,15.5,51.7,54.8,100.9,49.1,"8,361",20.7,32.4,63.8,5.3,14,37.7,4.8,13,36.8,1,2.7,38.3,1,2.4,40.4,2,5,39.3,8,23.8,33.7,18.9,30.5,62,5.6,13.9,40.2,6.1,15.4,39.7,1.2,3.3,37.4,1,3,34.7,2.2,6.2,36.1,8.2,23.7,34.6
2018,Memphis Grizzlies,82,22,60,0.268,48.1,99.3,36.7,82.8,44.4,9.2,26.2,35.2,16.6,21.1,78.6,9.5,31,40.5,21.5,15,7.5,4.8,5.1,23.2,20.4,-6.2,103.6,110.4,-6.8,58.6,1.44,16.6,27.6,72.1,49.3,15.6,50,53.9,95.65,46,"7,865",16.9,28.3,59.7,4.3,12.1,35.3,6.4,16.2,39.3,1,2.8,34.3,0.9,2.4,36,1.8,5.2,35.1,7.4,20.7,35.7,16.5,25.7,64,4.6,11.7,38.9,5.5,13.9,39.3,1.3,3.3,39.8,1.5,3.4,44.5,2.9,6.8,42.2,7.8,22.1,35.3
2018,Miami Heat,82,44,38,0.537,48.6,103.4,38.8,85.3,45.5,11,30.6,36,14.7,19.5,75.5,9.3,34.2,43.5,22.7,14.4,7.6,5.3,4.6,20.1,19.4,0.5,106.2,105.8,0.4,58.5,1.58,17.1,26.1,74.1,50.1,14.8,52,55.1,96.1,50.5,"7,985",17.4,27.3,63.5,5.1,13,39.2,5.4,14.4,37.1,1.3,3.7,36.3,1.8,4.5,40.4,3.1,8.2,38.6,7.9,22.2,35.5,16.2,26.6,60.7,5.6,15.1,37.1,6.3,15.5,40.9,1,2.8,33.8,1.1,2.7,39.2,2,5.5,36.4,7.6,20.9,36.2
2018,Milwaukee Bucks,82,44,38,0.537,48.4,106.5,39.7,83,47.8,8.8,24.7,35.5,18.3,23.4,78.3,8.4,31.5,39.8,23.2,13.8,8.8,5.4,4.5,21.4,19.9,-0.3,109,109.1,-0.2,58.5,1.68,17.7,24.4,70.9,48,14.2,53.1,57.1,97.03,50.2,"8,013",18.6,28.8,64.5,5.1,12.3,41.4,7.3,17.3,42.3,1.2,3,39.3,1.5,3.7,41.7,2.7,6.7,40.7,6,17.8,33.8,19.5,30.7,63.5,4.2,11.7,36,5.4,14.3,37.6,1.4,3.3,43.3,1.1,2.9,39.3,2.5,6.1,41.5,7.6,20.8,36.3
2018,Minnesota Timberwolves,82,47,35,0.573,48.3,109.5,41,86.1,47.6,8,22.5,35.7,19.4,24.1,80.4,10.3,31.6,42,22.7,12.5,8.4,4.2,4.7,18.2,20.9,2.2,112.5,110.2,2.3,55.3,1.82,17,28.9,72,50.3,12.8,52.3,56.6,96.75,51.8,"7,985",17,25.7,65.9,7.7,17.1,44.8,8.4,20.9,40.3,1.3,3.4,38.4,0.8,2,41.8,2.1,5.4,39.7,5.9,16.9,34.7,18.5,27.7,66.8,4.4,11.9,36.9,6.5,15.5,42.1,1.3,3.5,36.6,1.4,3.6,39.1,2.7,7.2,37.9,8.1,22.2,36.4
2018,New Orleans Pelicans,82,48,34,0.585,48.7,111.7,42.7,88.3,48.3,10.2,28.2,36.2,16.1,20.9,77.2,8.7,35.6,44.3,26.8,14.9,8,5.9,4.2,19.1,20.4,1.3,108.5,107.4,1.1,62.7,1.79,19,24,72.6,49.4,14.5,54.1,57.3,101.48,52.5,"8,443",19.2,29.5,65,7,15.2,46.1,6.3,15.5,40.7,1.5,3.7,39.3,1.4,3.4,40.2,2.8,7,39.8,7.4,21,35.3,17.7,28.2,62.6,6.2,15.1,40.9,7,18,39,1.2,3.5,36,1.3,3.1,40.5,2.5,6.5,38.1,8.4,23.9,35.1
2018,New York Knicks,82,29,53,0.354,48.4,104.5,40.7,87.7,46.4,8.2,23.3,35.2,14.9,19,78.7,10.5,33.6,44,23.3,14.7,6.7,5.1,4.7,20.5,18.4,-3.6,106.3,109.7,-3.4,57.3,1.58,17.2,28.9,72.7,50.9,15,51,54.4,97.64,48.1,"8,059",16.9,27,62.6,6.5,14.9,43.6,9.1,22.5,40.3,1.3,2.9,43.1,0.7,1.9,36.8,1.9,4.8,40.7,6.3,18.3,34.2,16.8,27.7,60.7,4.9,12.3,40,6.5,15.9,41,1.9,4.3,44,1.3,3.5,36.7,3.1,7.7,40.8,8,22.5,35.7
2018,Oklahoma City Thunder,82,48,34,0.585,48.4,107.9,39.9,88.1,45.3,10.7,30.4,35.4,17.3,24.2,71.6,12.5,32.6,45.1,21.3,14,9.1,5,4.6,20.2,21.3,3.4,110.1,106.4,3.7,53.5,1.53,15.8,32,72.5,51.5,14.3,51.4,54.6,97.34,50.8,"8,036",18.2,29.5,61.7,3.7,9.3,40,7.2,18.9,38.3,1.3,3.5,37.1,1.5,4,37.3,2.8,7.5,37.2,7.9,22.6,35,17,27.5,62,4.7,11.8,40,5.5,14.2,39,1.5,3.9,38.9,1.6,3.7,41.7,3.1,7.6,40.3,8.1,22.5,36
2018,Orlando Magic,82,25,57,0.305,48.1,103.4,38.8,85.9,45.2,10.3,29.3,35.1,15.5,20.5,75.7,8.8,32.8,41.6,23.4,14.5,7.6,4.9,4.9,19.3,19,-4.8,104.7,109.4,-4.7,60.4,1.61,17.5,24.8,71.4,48,14.7,51.2,54.5,98.58,47.2,"8,096",17,26,65.6,5.7,15.6,36.8,5.7,15,38.2,1.3,3.4,38.1,0.7,2.1,33.5,2,5.5,36.4,8.3,23.6,35,18.7,28.8,64.8,5.5,14.2,38.6,6.8,17,40,1.5,3.4,43.7,1.4,3.3,42.5,2.9,6.6,43.1,7.1,20.7,34.4
2018,Philadelphia 76ers,82,52,30,0.634,48.2,109.8,40.8,86.6,47.2,11,29.8,36.9,17.1,22.8,75.2,10.9,36.5,47.4,27.1,16.5,8.3,5.1,5.1,22.1,20.4,4.5,108.5,103.9,4.6,66.3,1.64,19.1,28.6,73.6,52,16.3,53.5,56.8,100.75,54.2,"8,299",18.1,27,67.2,5.5,14.7,37.1,6.3,15.1,41.5,0.8,2.2,34.4,1.1,2.6,43.6,1.9,4.8,39.4,9.1,24.8,36.7,15.2,24.6,61.9,5.6,15.4,36.3,7.2,18.1,39.6,1.2,3.1,39.6,1,2.8,36.4,2.2,5.9,38.1,7.8,23.4,33.5
2018,Phoenix Suns,82,21,61,0.256,48.1,103.9,38.5,87.1,44.2,9.3,27.9,33.4,17.7,23.9,74.1,10.3,33.9,44.1,21.3,15.7,6.9,4.5,6,22,20.9,-9.4,102.8,111.7,-9,55.3,1.35,15.6,27.1,72.4,49.3,15.5,49.5,53.2,101.14,44.2,"8,293",17.9,29.8,60.1,5.1,13.6,37.7,6.1,15.8,38.6,1.3,3.3,38.7,0.9,2.8,33,2.2,6.1,36.1,7.1,21.5,32.9,18.3,29.5,61.9,5.3,12.7,41.2,7.3,17.2,42.6,1.2,3.1,39.5,1,2.7,38.8,2.3,5.8,39.2,8.6,23.1,37.4
2018,Portland Trail Blazers,82,49,33,0.598,48.2,105.6,39.3,87,45.2,10.3,28.1,36.6,16.7,20.9,80,10.2,35.3,45.5,19.5,13.5,7,5.2,5.1,19.5,19.1,2.6,108.4,105.7,2.7,49.6,1.44,15,27.9,74.6,51.3,13.9,51.1,54.9,97.11,51,"7,992",16.1,27.7,58.1,5.4,13.4,40.5,7.5,17.7,42.2,1,2.7,37.4,1,2.5,39.6,2,5.2,38.4,8.3,22.9,36.3,15,27.1,55.4,6,14,42.9,7.6,18.2,42,1,2.7,38,1.1,2.5,43.5,2.1,5.1,40.6,7.6,21.1,36
2018,Sacramento Kings,82,27,55,0.329,48.2,98.8,38.8,86.1,45,9,24,37.5,12.3,16.7,73.5,9.5,31.4,40.9,21.6,13.7,7.8,4.1,4.7,20,17.3,-7,103.1,110.4,-7.3,55.6,1.57,16.6,26.4,73.1,48.9,14.3,50.2,52.9,95.5,45.1,"7,860",14.9,24,61.9,6.9,17.9,38.6,8,20.4,39.5,1.1,3,38.1,1,2.2,45.3,2.1,5.2,41.1,6.8,18.4,37.1,16.2,25.1,64.4,4.9,11.7,41.9,5.8,14,41.1,1.3,3.4,37.5,1.5,3.4,44.4,2.8,6.8,40.9,9.1,24.5,37.1
2018,San Antonio Spurs,82,47,35,0.573,48.1,102.7,39,85.4,45.7,8.5,24.1,35.2,16.1,20.9,77.2,10.4,33.9,44.2,22.8,13.1,7.7,5.6,3.9,17.2,19.7,2.9,107.1,104.1,3,58.3,1.73,17.3,27.7,74.1,50.8,13.7,50.7,54.3,95.7,52.5,"7,867",15.8,24.7,63.8,6.1,15.3,40,8.7,21.3,40.8,1.2,3,39.7,1.2,2.8,40.8,2.3,5.8,40.2,6.1,18.1,33.9,16.1,26.5,60.9,5.9,14.3,41.4,7,17.2,40.5,1.1,3.4,32.5,1,2.5,39.4,2.1,5.9,35.4,7.1,20.2,35
2018,Toronto Raptors,82,59,23,0.72,48.4,111.7,41.3,87.4,47.2,11.8,33,35.8,17.3,21.8,79.4,9.8,34.2,44,24.3,13.4,7.6,6.1,4.9,21.7,19.9,7.8,113,105.3,7.7,59,1.82,17.9,27.4,72.5,50.2,13.5,53.9,57.5,98.02,53.8,"8,104",18.8,29,65,5.5,13.2,41.9,5.2,12.4,41.6,1.8,4.8,36.6,1.5,3.6,42.8,3.3,8.4,39.3,8.5,24.3,34.9,17.1,28.8,59.6,5.5,15.2,36.2,6.8,16.6,41.1,1,2.7,36.1,1,2.5,38.9,2,5.2,37.5,7,19.5,35.7
2018,Utah Jazz,82,48,34,0.585,48.2,104.1,38.3,82.9,46.2,10.8,29.6,36.6,16.8,21.5,77.9,9,34.2,43.3,22.4,14.7,8.6,5.1,4.6,19.6,20.5,4.3,107.4,103,4.4,58.6,1.53,17.1,25.6,75.6,50.9,15.2,52.7,56.4,96.58,53.2,"7,951",17.2,26.7,64.4,5,13.2,37.6,5.3,13.4,39.5,1.9,4.5,41.5,1.7,4,42,3.5,8.4,41.8,7.3,20.9,34.8,15.3,24.6,62.1,5.6,14.9,37.8,6.9,17.5,39.4,1,2.7,39.3,1,2.4,41,2,5.1,40.1,7.4,20.7,36
2018,Washington Wizards,82,43,39,0.524,48.4,106.6,39.9,85.6,46.7,9.9,26.5,37.5,16.8,21.8,77.2,10,33.1,43.1,25.2,14.6,7.9,4.3,4.7,21.3,20,0.6,108.1,107.7,0.4,63.1,1.73,18.4,27.4,73.2,50.4,14.8,52.5,56,97.67,50.9,"8,087",15.1,23.7,63.9,6,14.3,42.2,8.9,21.2,41.9,0.9,2.6,35,1.1,2.7,41,2,5.3,38.1,7.9,20.9,37.7,17.8,27.1,65.8,4.9,12.5,39.2,6.1,15.6,38.8,1.1,3,38.7,1,2.8,34.2,2.1,5.7,36.5,8.1,23.2,34.8
2017,Atlanta Hawks,82,43,39,0.524,48.5,103.2,38.1,84.4,45.1,8.9,26.1,34.1,18.1,24.9,72.8,10.3,34.1,44.3,23.6,15.8,8.2,4.8,5.2,18.2,21.6,-0.9,104.5,105.2,-0.7,62.1,1.5,17.4,28.2,71.7,50.2,16,50.4,54.1,97.76,50.6,"8,091",17.8,29.8,59.9,3.5,9.5,37,7.8,19,41.2,1,2.9,34.7,1.4,3.3,41.4,2.4,6.2,38.3,6.5,19.6,33.1,14.4,24.9,57.9,5.2,12,42.9,8.3,19.8,41.8,1.5,3.9,37.2,1.7,4.1,41.7,3.1,8,39.5,7.7,22.3,34.7
2017,Boston Celtics,82,53,29,0.646,48.2,108,38.6,85.1,45.4,12,33.4,35.9,18.7,23.2,80.7,9.1,32.9,42,25.2,13.3,7.5,4.1,5.2,20.6,20.3,2.6,110.6,108,2.6,65.3,1.9,18.8,25.9,70.5,48.5,13.6,52.5,56.7,97.21,51.4,"8,005",16.6,27.3,61,4.3,10.2,41.7,5.7,14.2,40.4,1.4,3.6,38.8,1.6,3.9,42.1,3.1,7.6,40.5,8.9,25.6,34.9,16.2,26.5,61.3,5.4,12.9,41.9,8.1,19.5,41.4,1,3,34.3,1,2.8,34.8,2,5.8,34.5,7,20.9,33.3
2017,Brooklyn Nets,82,20,62,0.244,48.2,105.8,37.8,85.2,44.4,10.7,31.6,33.8,19.4,24.6,78.8,8.8,35.1,43.9,21.4,16.5,7.2,4.7,5.6,21,20.4,-6.7,103.6,110.1,-6.5,56.6,1.29,15.9,24.1,71.6,48.3,16.2,50.7,55.1,101.75,46,"8,371",17.5,29.7,59.1,5.4,12.7,42.4,4.2,11.2,37.5,1.2,3.7,34,1.4,3.3,41.6,2.6,7,37.6,8,24.3,33.1,17,28.4,59.9,5.5,13.4,41,9.2,21.8,42.1,1.2,3.1,39.4,1.2,3.1,39.4,2.4,6.2,39.4,7.5,20.7,36.1
2017,Charlotte Hornets,82,36,46,0.439,48.4,104.9,37.7,85.4,44.2,10,28.6,35.1,19.4,23.8,81.5,8.8,34.8,43.6,23.1,11.5,7,4.8,5.5,16.6,19.9,0.2,108.4,108.4,0,61.1,2.01,17.6,24.7,74.9,49.6,11.9,50.1,54.7,95.92,50.5,"7,934",15.2,25.5,59.8,4.7,11.5,40.7,7.7,19.7,39.3,0.8,2.2,36.4,0.7,1.7,38.7,1.5,4,37.4,8.5,24.4,35,15.9,26.7,59.5,4.3,10,43.5,7.6,18.4,41.6,1.4,3.8,37.3,1.4,3.6,40.4,2.9,7.4,38.8,8.7,23.8,36.6
2017,Chicago Bulls,82,41,41,0.5,48.2,102.9,38.6,87.1,44.4,7.6,22.3,34,18,22.5,79.8,12.2,34.1,46.3,22.6,13.6,7.8,4.8,4.6,17.7,18.8,0.4,106.5,106.2,0.3,58.4,1.66,16.8,31.1,73.3,51.9,14,48.7,53,96.02,50.4,"7,919",15.9,27,59,5.7,13.3,42.9,9.4,24.5,38.5,1.6,3.5,44.8,1.1,3.1,36.1,2.7,6.6,40.8,4.9,15.6,31.5,17.9,30.1,59.5,4.7,11.6,40.7,7.9,19,41.7,1.3,3.3,39.2,1.1,2.6,40.5,2.4,6,39.8,6.5,19.8,33
2017,Cleveland Cavaliers,82,51,31,0.622,48.5,110.3,39.9,84.9,47,13,33.9,38.4,17.5,23.3,74.8,9.3,34.4,43.7,22.7,13.7,6.6,4,4.3,18.1,20.6,3.2,112.8,109.7,3.1,56.7,1.66,17.1,26.4,72.2,49.9,14,54.7,58,96.74,51,"8,019",16.5,25.4,64.7,3.3,8.6,38.4,7.2,17,42.2,2.3,5.4,43.7,1.9,4.9,39.3,4.3,10.3,41.6,8.7,23.4,37.1,17.2,27.8,61.8,5.1,12.2,41.5,8,20.1,39.9,1.4,3.7,38,1.1,3.3,34.1,2.5,7,36.2,7.8,21.4,36.5
2017,Dallas Mavericks,82,33,49,0.402,48.2,97.9,36.2,82.3,44,10.7,30.2,35.5,14.8,18.5,80.1,7.9,30.7,38.6,20.8,11.9,7.5,3.7,3.4,19.1,19.4,-2.9,104.7,107.7,-3,57.4,1.75,16.8,21.6,73.3,46.5,12.7,50.5,54.1,93.11,47.9,"7,668",11.5,18.6,61.8,4.9,10.9,44.9,9.1,22.7,40.2,1.1,3,37.6,1.2,3.2,36.6,2.3,6.1,37.1,8.4,23.8,35.4,14.8,22.7,65.1,5,11.7,42.4,7.6,19.3,39.6,1.3,3.3,40.3,1.4,3.4,41.8,2.7,6.7,41.1,6.8,18.4,37.2
2017,Denver Nuggets,82,40,42,0.488,48.2,111.7,41.2,87.7,46.9,10.6,28.8,36.8,18.7,24.2,77.4,11.8,34.6,46.4,25.3,15,6.9,3.9,4.9,19.1,20.2,0.5,112.2,111.7,0.4,61.5,1.69,18.2,31.4,75.3,53.2,15,53,56.8,99.18,50.3,"8,167",19.6,32.4,60.6,5.3,11.8,44.8,5.7,14.7,38.4,1.2,3.3,35.3,1,2.4,41.5,2.1,5.7,37.9,8.5,22.9,37,18,28.8,62.5,5.7,12.3,46.5,8.6,21,40.7,1.2,3,39.6,1.2,3,40.9,2.4,6,40.2,7.4,20,37
2017,Detroit Pistons,82,37,45,0.451,48.3,101.3,39.9,88.8,44.9,7.7,23.4,33,13.9,19.3,71.9,11.1,34.6,45.7,21.1,11.9,7,3.8,4.1,17.9,17.5,-1.1,105.3,106.7,-1.4,53,1.78,16.1,28.6,77.5,51.9,12.3,49.2,52.1,95.52,48.2,"7,890",14.8,24,61.5,6.8,16.7,40.8,10.6,24.7,42.8,1,2.5,39.3,0.8,2.3,36.6,1.8,4.8,38,5.9,18.2,32.2,14.9,23.6,63.4,5.7,14.4,39.4,8.4,19.7,42.5,1.3,3,42.6,1.2,3.1,39,2.5,6.1,40.8,6.8,19.3,35.4
2017,Golden State Warriors,82,67,15,0.817,48.2,115.9,43.1,87.1,49.5,12,31.2,38.3,17.8,22.6,78.8,9.4,35,44.4,30.4,14.8,9.6,6.8,3.8,19.3,19.4,11.6,114.8,103.4,11.4,70.5,2.06,21.2,27.2,70.9,50.4,14.6,56.3,59.7,100.37,57.9,"8,279",19,28.4,67,4.3,9.8,43.7,7.8,17.6,44.2,1.4,3.1,43,1.4,3.5,39.4,2.7,6.7,41.1,9.2,24.2,38.1,17.5,29.3,59.8,5.2,13.9,37.4,7.1,18.2,38.9,0.9,2.9,31.1,1.1,2.9,38.8,2,5.8,34.9,7,21.7,32.1
2017,Houston Rockets,82,55,27,0.671,48.2,115.3,40.3,87.2,46.2,14.4,40.3,35.7,20.3,26.5,76.6,10.9,33.5,44.4,25.2,15.1,8.2,4.3,5,19.9,20.4,5.8,114.1,108.4,5.7,62.6,1.67,18.1,28.1,71.7,49.9,15,54.5,58.3,100.55,51.6,"8,289",20.1,31.1,64.6,3.3,8.8,37.3,2.5,7.1,36.1,1.4,3.8,37.6,1.8,4.5,39.5,3.2,8.3,38.7,11.1,31.7,35.1,19.2,28.8,66.7,5.3,12.9,40.8,6.7,18,37,1.4,3.7,38.9,1.1,3.3,34.3,2.6,7,36.7,7.4,21.8,34
2017,Indiana Pacers,82,42,40,0.512,48.4,105.1,39.3,84.5,46.5,8.6,23,37.6,17.9,22.1,81,9,33,42,22.5,13.8,8.2,5,5,19.5,19.5,-0.2,107.9,108.1,-0.2,57.2,1.63,17.2,25.5,71.3,48.8,14.1,51.6,55.8,96.59,50.5,"7,989",14.7,24.1,60.9,6.2,13.9,44.7,9.7,23.5,41.3,1.4,3.6,39,1.1,2.6,42.5,2.5,6.2,40.5,6,16.4,36.6,15.3,25.5,60.2,4.5,10.3,44.1,7.8,19.4,40.1,1.6,3.7,43.6,1.5,3.9,37.5,3.1,7.6,40.5,7.2,21.3,33.8
2017,LA Clippers,82,51,31,0.622,48.2,108.7,39.5,83.2,47.5,10.3,27.4,37.5,19.3,26,74.5,9,34,43,22.5,13,7.5,4.2,3.1,19.8,22.4,4.3,111.8,107.5,4.4,57,1.74,17.2,25.6,73.3,50.1,13.3,53.7,57.4,96.77,52.7,"7,968",16.5,25.8,64.1,3.4,8.7,39.3,9.3,21.3,43.8,1.3,3,43.5,1.1,2.9,39.1,2.4,5.9,41.4,7.7,20.9,36.8,16,25.2,63.4,5.4,12.6,42.6,8,21.3,37.8,1.2,3.1,40.6,1,2.9,35.3,2.3,6,38,6.7,19.8,34
2017,Los Angeles Lakers,82,26,56,0.317,48.1,104.6,39.3,87.4,45,8.9,25.7,34.6,17,22.6,75.4,11.4,32.1,43.5,20.9,15.2,8.2,3.9,5.4,20.7,18.5,-6.9,105.3,112,-6.7,53.2,1.38,15.6,28.4,71.7,49.4,15.3,50.1,53.7,99.26,44.6,"8,143",17.7,29.3,60.5,6.1,15.2,40.4,6.5,17.2,38.2,1.2,3.1,37.5,1.1,2.9,37.3,2.2,5.9,37.4,6.6,19.3,34,18.7,28.5,65.5,5.1,11.6,43.6,7.7,18.5,41.4,1.2,3.2,36.8,1.2,3.1,39.5,2.4,6.3,38.1,7.6,20.6,36.9
2017,Memphis Grizzlies,82,43,39,0.524,48.5,100.5,36.4,83.6,43.5,9.4,26.5,35.4,18.3,23.4,78.4,10.8,32,42.8,21.3,12.9,8,4.2,5,22.4,20.8,0.5,107,106.5,0.5,58.4,1.65,16.5,29.5,73.1,50.7,13.7,49.1,53.5,92.84,50.1,"7,702",15.1,26.7,56.4,5.2,12.9,40.1,6.8,17.5,38.8,1.1,2.7,42.2,1,2.6,38.8,2.1,5.3,40.5,7.2,20.8,34.7,14.4,23.7,60.9,4.4,10.9,40.8,6.1,16.2,37.8,1.3,3.6,36.9,1.4,3.4,41.8,2.8,7,39.3,7.1,20.7,34.4
2017,Miami Heat,82,41,41,0.5,48.2,103.2,39,85.8,45.5,9.9,27,36.5,15.2,21.6,70.6,10.6,33,43.6,21.2,13.4,7.2,5.7,4.9,20.5,18.7,1.1,107.4,106.4,1,54.4,1.58,16.3,28.4,71.8,49.9,14,51.2,54.1,95.51,50,"7,875",16.6,27.2,61,6,14.2,42,6.6,17.4,38,1.7,4.1,42.4,1.6,4.2,38.2,3.4,8.3,40.3,6.5,18.4,35.2,15.9,27.9,57,6.4,14.1,44.9,7.9,19.5,40.5,1.1,2.9,37.3,0.9,2.6,33.2,1.9,5.5,35.3,5.8,17,34.3
2017,Milwaukee Bucks,82,42,40,0.512,48.2,103.6,38.8,81.9,47.4,8.8,23.7,37,17.2,22.4,76.8,8.8,31.6,40.4,24.2,14,8.1,5.3,4.6,20.2,19.3,-0.2,108.5,108.7,-0.2,62.4,1.73,18.5,26,70.6,48.7,14.6,52.7,56.5,94.99,50.4,"7,828",19.5,31.3,62.4,4.8,12.1,39.4,5.7,14.7,38.8,1.2,3.3,36.2,1.5,3.6,41.1,2.7,6.9,38.7,6,16.5,36.5,17.6,29,60.6,4.2,9.7,43.7,6.2,16.1,38.7,1.7,4.2,41.2,1.6,4.3,37.8,3.4,8.5,39.5,6.5,19.4,33.7
2017,Minnesota Timberwolves,82,31,51,0.378,48.3,105.6,39.5,84.4,46.7,7.3,21,34.9,19.3,24.2,79.9,11.4,31,42.4,23.7,14,8,4.5,5,20.1,20.5,-1.1,110,110.9,-0.9,60,1.69,17.7,30.9,71,50.7,14.6,51.1,55.5,95.48,50.1,"7,870",17.5,28,62.5,5.3,12.1,43.7,9.3,23.2,40,1.3,3.3,38.5,1,2.4,39.2,2.2,5.7,38.8,5.1,15.1,33.7,18.3,28.8,63.7,4.8,10.7,45,6.6,16.8,39.1,1.2,3,41.1,1.3,3.1,41.3,2.5,6.1,41.2,7.4,20.7,35.7
2017,New Orleans Pelicans,82,34,48,0.415,48.5,104.3,39.1,87,45,9.4,26.8,35,16.7,22.3,75,8.6,35.1,43.7,22.8,12.9,7.8,5.5,4.2,18.2,19.3,-2.1,104.7,106.8,-2.1,58.2,1.77,17.1,22.8,72.8,48,12.9,50.4,53.9,98.56,49.3,"8,173",16.4,27.1,60.5,5.6,13.3,42.4,7.7,19.7,39.1,1.3,3.3,39,1,2.7,36.2,2.3,6,37.7,7.1,20.5,34.4,17.7,28.7,61.6,4.4,11.6,37.8,7.5,19,39.6,1.2,3.4,35.6,1.2,3.2,38.9,2.4,6.5,37.2,8.1,23,35
2017,New York Knicks,82,31,51,0.378,48.4,104.3,39.6,88.5,44.7,8.6,24.7,34.8,16.6,21.1,78.8,12,33.2,45.2,21.8,13.9,7.1,5.5,4.6,20.3,18.5,-3.7,107.1,110.7,-3.6,55.1,1.57,16.3,30.5,69.8,50,14.3,49.6,53.4,96.63,48.2,"7,990",15.9,27.8,57.2,4.3,10.6,40.2,10.8,25.3,42.5,1.3,3.1,41.7,1.2,2.7,43,2.5,5.8,42.3,6.1,18.5,33,18.7,31.4,59.6,4.3,10.9,39.9,6.9,16.9,40.7,1.4,3.4,40.9,1.3,3.4,38.3,2.7,6.8,39.6,7.1,21.2,33.7
2017,Oklahoma City Thunder,82,47,35,0.573,48.3,106.6,39.5,87.4,45.2,8.4,25.8,32.7,19.2,25.8,74.5,12.2,34.4,46.6,21,15,7.9,5,5.5,20.9,20.7,0.8,107.9,107.1,0.8,53.2,1.4,15.5,32.3,74.2,52.8,15.2,50,54,98.18,49.9,"8,099",19.8,32.9,60.1,5.2,11.9,43.2,6.1,16.7,36.5,1.1,3.1,36.4,1.2,3.6,33.2,2.3,6.7,34.7,6.1,18.9,32.2,18.3,30.4,60,5.5,12.8,43,6.6,17.3,38.2,1.2,3.1,39.6,1,2.7,38.5,2.3,5.8,39.1,6.6,18.8,34.9
2017,Orlando Magic,82,29,53,0.354,48.3,101.1,38.3,87,44,8.5,26.1,32.8,16,21.4,74.7,9.8,33.3,43.2,22.2,13.3,7.1,4.8,5.1,19.3,18.7,-6.6,103.7,110.3,-6.5,58,1.67,16.8,26.7,72.6,49.1,13.7,48.9,52.4,96.9,46,"7,989",15.2,25.2,60.3,5.9,14.2,41.8,8.6,21.5,40.1,0.8,2.7,28.9,0.7,2.3,31.4,1.5,5,30.1,7,20.8,33.9,17.8,28.7,62.1,5.5,12.5,44,7.3,18.8,38.8,1.2,3.2,37.5,1.3,3,43.8,2.5,6.1,40.5,7.2,20,35.9
2017,Philadelphia 76ers,82,28,54,0.341,48.4,102.4,37.7,85.3,44.2,10.1,29.8,34,17,22,77.1,9.8,33,42.8,23.8,16.7,8.4,5.1,5.4,21.9,19.6,-5.7,102.7,108.2,-5.5,63.1,1.43,17.4,27.3,70.9,49,16.7,50.1,53.9,99.07,47,"8,179",17.9,29.3,60.9,4.3,11.2,38.6,5.4,15,35.7,1.2,2.7,43.6,0.9,2.3,37.1,2,5,40.6,8,24.6,32.8,17.7,28.7,61.6,4.9,12.5,38.8,8.1,19.7,41.2,1.3,3.1,41.6,1,2.7,38.4,2.3,5.8,40.1,6.5,18.7,34.6
2017,Phoenix Suns,82,24,58,0.293,48.4,107.7,39.9,88.5,45,7.5,22.6,33.2,20.4,26.3,77.6,11.9,33.1,45,19.6,15.4,8.2,4.9,5.3,24.8,22.2,-5.6,106.1,111.3,-5.2,49.1,1.27,14.4,29.9,71.8,50.3,15.2,49.3,53.8,100.85,46.2,"8,320",18,29.7,60.7,5.7,13.6,42.1,8.6,22.7,38.1,1.1,3.3,32.8,1,3,32.4,2,6.3,32.6,5.5,16.1,33.9,17.4,28.6,60.9,4.5,11.3,40.2,8.2,20,41.1,1.3,3,44.9,1.3,2.7,46.8,2.6,5.7,45.8,7.4,20.5,36.4
2017,Portland Trail Blazers,82,41,41,0.5,48.6,107.9,39.5,86.1,45.9,10.4,27.7,37.5,18.5,23.7,78,10.1,33.5,43.7,21.1,13.7,7,5,5.3,21.2,19.8,-0.5,109.4,110,-0.6,53.4,1.54,16,26.9,72,49.6,13.9,52,55.9,97.38,49.3,"8,088",16.3,28.2,57.7,4.9,11.5,42.8,8,18.7,42.7,1,2.8,34.5,1.2,2.9,40.6,2.1,5.7,37.6,8.2,21.8,37.8,15.2,27,56.4,6.2,13.3,46.8,8.4,20.8,40.5,1,2.6,36.7,0.9,2.5,36.8,1.9,5.2,36.8,7.4,19.6,37.6
2017,Sacramento Kings,82,32,50,0.39,48.5,102.8,37.9,82.1,46.1,9,23.9,37.6,18.1,23.3,77.5,8.7,32.3,41.1,22.5,14.6,7.6,4,5.1,20.3,20.1,-3.9,106.6,110.8,-4.2,59.4,1.54,17.3,25.8,72.3,49.2,15.2,51.6,55.6,95.42,47.8,"7,911",15.9,25.9,61.4,5.6,13.9,40.7,7.4,18.5,39.8,1.2,3,39.3,1.3,2.9,43.5,2.4,5.8,41.3,6.5,17.8,36.6,15.4,23.9,64.7,4.9,11.5,42.7,7.2,17.8,40.3,1.5,3.7,38.9,1.5,3.4,42.5,2.9,7.1,40.6,8,22.6,35.4
2017,San Antonio Spurs,82,61,21,0.744,48.3,105.3,39.3,83.7,46.9,9.2,23.5,39.1,17.6,22,79.7,10,33.9,43.9,23.8,13.4,8,5.9,4.1,18.3,19.8,7.2,110.3,102.9,7.4,60.6,1.77,18.1,28.2,73,51.1,14.1,52.4,56.4,94.86,55.1,"7,832",14.5,23.2,62.5,5.3,12.3,43,10.3,24.7,41.8,1.4,3.2,44.8,1.4,3.4,41.3,2.8,6.6,43,6.4,16.7,37.9,15.6,27.1,57.8,4.7,12.5,37.8,8.4,20.1,41.9,0.9,3,30.1,1,2.9,36,2,6,33,6.2,17.5,35.3
2017,Toronto Raptors,82,51,31,0.622,48.2,106.9,39.2,84.4,46.4,8.8,24.3,36.3,19.7,24.7,79.6,10.6,32.6,43.3,18.5,12.7,8.3,4.9,4.8,20.8,20.3,4.2,111.4,107.1,4.3,47.2,1.46,14.5,29.1,71.7,50.5,13.2,51.7,56.1,95.41,51.6,"7,867",15.4,25.1,61.4,6.5,14.6,44.4,8.4,20.3,41.5,1.4,3.9,36.1,1.2,3,40.5,2.6,6.9,38,6.2,17.3,36,15.9,26,61.3,4.9,12.5,39.4,6.7,17.1,39,1.3,3.5,38.2,1.1,3.4,32.5,2.4,6.8,35.4,7.3,20.2,36
2017,Utah Jazz,82,51,31,0.622,48.2,100.7,37,79.5,46.6,9.6,26,37.2,17.1,22.9,74.7,9.4,33.8,43.2,20.1,13.6,6.7,5,3.8,18.8,20.2,3.9,109,104.7,4.3,54.4,1.48,16.2,27,74.3,51.4,14.8,52.6,56.3,92.09,53.4,"7,579",16.5,26.3,62.5,4.9,11.6,42.4,6,15.6,38.3,1.5,3.8,38.4,1.4,3.6,38.2,2.9,7.5,38.3,6.8,18.3,37,15.3,26.9,57.1,5.1,13,39.3,7.7,19.2,39.8,0.9,2.5,36.7,0.8,2.1,40,1.8,4.6,38.2,6.4,18,35.6
2017,Washington Wizards,82,49,33,0.598,48.4,109.2,41.3,87,47.5,9.2,24.8,37.2,17.3,22.1,78.4,10.3,32.6,42.9,23.9,14.2,8.5,4.1,4.6,21.3,19.8,1.8,110.4,108.8,1.7,57.7,1.68,17.6,28.6,71.6,50.1,14.3,52.8,56.4,97.94,51.1,"8,109",17.4,28.3,61.5,5.1,11.8,43.2,9.6,22.1,43.3,1,3.1,33.7,1.2,3.4,35.9,2.2,6.4,34.8,6.9,18.1,38.3,17,27.3,62.1,5,12,41.5,7.9,18.7,42.1,1.2,2.9,40.8,1.2,3,39.7,2.4,5.9,40.2,7.5,20.9,35.7
